url,date,year,section,subtype,family,trope,matched_text,stance,window
/news/2026/07/30/columbia-to-open-tel-aviv-global-center-this-summer/,2026-07-30,2026,news,,ihra_ext,deny_self_determination,Zionist entity,reported,"nter in an Instagram post Friday. “While Gaza continues to endure bombings, military occupation, and erasure, while Palestinians continue to face systematic violence and forced displacement across their homeland, and while settlers escalate their attacks throughout the West Bank with the full backing of the Zionist state, Columbia has chosen this moment to deepen its institutional presence in the Zionist entity,” the group wrote. The group wrote that Palestinian students and faculty members from the West Bank or Gaza may be prevented from accessing the global center, citing concerns over Columbia’s compliance with U.S. non-discrimination law. Though Palestinians may apply for a permit to travel into Israel, the process is notoriously opaque, and often results in denials with no explanation. The Israeli "
/city-news/2026/06/30/democracy-is-alive-and-well-on-the-upper-west-side-voters-in-morningside-heights-cast-their-votes-on-election-day/,2026-06-30,2026,news,,ihra_ext,apartheid_genocide_framing,genocide in Gaza,reported,"s that it has the potential to influence the direction of both local and national policy in the months to come. Daniel Verdejo and Ricardo Diaz-Kirk spent their evening door-knocking for Avila Chevalier. One of their main reasons for supporting the candidate was her policy on Israel, an issue that has increasingly divided Democrats. “I’m a DSA member, and more importantly, I believe that Israel’s genocide in Gaza is wrong,” Diaz-Kirk said. “I would like to see more congressmen and women oppose that war.” Matthew Cavalletto, a software developer, organizes and canvasses for Avila Chevalier and Northrup. He said that the two candidates’ proactive championing of Mamdani’s vision of a progressive New York City was what made him an “enthusiastic supporter.” “Darializa is a young and fiery Columbia alum running"
/news/2026/06/12/aharon-dardik-gs-26-was-court-martialed-for-refusing-to-serve-in-the-israeli-military-at-columbia-he-continued-to-advocate-for-palestinian-rights/,2026-06-13,2026,news,,ihra_ext,apartheid_genocide_framing,"apartheid state functions, Israel",unattributed,"s meant to represent the “critical mass of Jewish students who were not able to politically express themselves” by advocating for a ceasefire in the war in Gaza. Moving from Israel, Dardik also had to adjust to the particular dynamics of American activist spaces. Back home, he had taken a prominent role in pro-Palestinian organizing, understanding that “in Israel-Palestine, because of the way the apartheid state functions, Israeli voices are not just privileged. They’re a necessity.” At Columbia, he found the environment different: “When it comes to the Israeli left versus the American left, Palestinian voices have more power here. In a way, that’s really good, but also requires me to adjust what it means to be doing effective activism on this issue.” One of his close collaborators in that work was Mohsen Mahdawi, GS ’25,"
/news/2026/05/27/israeli-president-isaac-herzog-delivers-jts-commencement-address-drawing-protest/,2026-05-27,2026,news,,ihra_ext,deny_self_determination,from the river to the sea,condemned,"r Netanyahu and Gallant for alleged war crimes and crimes against humanity in November 2024, but it did not do so for Herzog. The demonstration was promoted on Instagram accounts belonging to various Columbia student activist organizations, including Columbia Palestine Solidarity Coalition and the Columbia/Barnard chapter of Jewish Voice for Peace. “We are dedicated to the liberation of Palestine from the river to the sea, and it is because of that, that even though he is on Zoom, we cannot let Herzog’s presence here slide,” one demonstrator said. Protesters also chanted “One, two, three, four, open up the prison doors. Five, six, seven, eight, fuck the settler Zionist state” and “It is right to rebel, Herzog go to hell.” They repeatedly shamed the seminary for honoring Herzog and condemned anyone attending commen"
/news/2026/05/27/israeli-president-isaac-herzog-delivers-jts-commencement-address-drawing-protest/,2026-05-27,2026,news,,ihra_ext,apartheid_genocide_framing,genocide in Gaza,reported,"signs reading “Silence is complicity” and “Zionism is terrorism,” and distributed flyers reading “Herzog the war criminal is not welcome in NYC” and “NYC rejects all Zionists.” The fliers referenced a September 2025 report from the U.N.’s Independent International Commission of Inquiry on the Occupied Palestinian Territory, including East Jerusalem, and Israel that found Herzog guilty of inciting genocide in Gaza based on public comments he made following Hamas’ Oct. 7, 2023, attack. The commission also found Netanyahu and former Israeli Defense Minister Yoav Gallant guilty. The International Criminal Court had previously issued arrest warrants for Netanyahu and Gallant for alleged war crimes and crimes against humanity in November 2024, but it did not do so for Herzog. The demonstration was promoted on I"
/news/2026/05/14/israeli-president-isaac-herzog-cancels-in-person-attendance-at-jts-commencement/,2026-05-14,2026,news,,ihra_ext,apartheid_genocide_framing,genocide in Gaza,reported,"ncement ceremony at JTS,” a speaker at the protest said. “It’s also an ordination ceremony. An entire class of rabbis will be sent into the world fresh from a celebration of genocidal might.”​​ The U.N.’s Independent International Commission of Inquiry on the Occupied Palestinian Territory, including East Jerusalem, and Israel published a September 2025 report that found Herzog guilty of inciting genocide in Gaza based on public comments he made following Hamas’ Oct. 7, 2023, attack on Israel. The commission also found Israeli Prime Minister Benjamin Netanyahu and former Israeli defense minister Yoav Gallant guilty. Though the International Criminal Court had previously issued arrest warrants for Netanyahu and Gallant for “allegations of war crimes and crimes against humanity” in November 2024, it did not"
/news/2026/05/04/former-german-chancellor-olaf-scholz-advocates-for-european-unity-in-columbia-world-leaders-forum-visit/,2026-05-05,2026,news,,ihra_ext,apartheid_genocide_framing,genocide in Gaza,reported,"rt for Israel while also stating that the German government criticized the lack of humanitarian aid in Gaza and Israeli attacks on Palestinians in the West Bank, Scholz argued that his government viewed a two-state solution as “the only outcome and good solution” for the region. Tooze also brought up the current case before the International Court of Justice that alleges that Israel has committed genocide in Gaza—a claim Israel has denied. Scholz did not outright state if Israel had committed genocide or war crimes, instead saying that there have been “things that should not have happened, according to international law, and this is a case that would make more sense to look into details at this question.” Students then posed questions to Scholz, honing in on Russia-Germany relations, nuclear energy, and h"
/news/2026/04/30/israeli-president-isaac-herzog-to-serve-as-2026-jts-commencement-speaker-sparking-internal-discourse/,2026-04-30,2026,news,,ihra_ext,apartheid_genocide_framing,genocide in Gaza,reported,"acy for religious pluralism, and his work at the Jewish Agency developing curricula that include both Israeli and Palestinian voices as reasons for his invitation to JTS’ 2026 commencement. The U.N.’s Independent International Commission of Inquiry on the Occupied Palestinian Territory, including East Jerusalem, and Israel, published a report in September 2025 that found Herzog guilty of inciting genocide in Gaza based on public comments he made following Hamas’ Oct. 7, 2023, attack on Israel. The commission also accused Israeli Prime Minister Benjamin Netanyahu and former Israeli defense minister Yoav Gallant of the same offense. While the International Criminal Court issued arrest warrants for Netanyahu and Gallant for “allegations of war crimes and crimes against humanity” in November 2024, it excluded"
/news/2026/04/12/demonstrators-call-for-solidarity-with-lebanon-during-week-of-action-amid-israels-ongoing-military-operations-in-the-region/,2026-04-13,2026,news,,ihra_ext,deny_self_determination,From the river to the sea,reported,"n. Other organizations involved with the “Week of Action” included Columbia Palestine Solidarity Coalition, Students Workers of Columbia-United Auto Workers, Columbia Student Union, and the School of International and Public Affairs Alumni for Palestine, which collectively raised a total of $3,438. At the March 30 rally, demonstrators held signs such as “All our martyrs have a name,” and chanted “From the river to the sea, Palestine will be free,” and “There is only one solution, intifada revolution.” Saliba criticized Columbia’s handling of campus protests, characterizing it as an environment of heightened surveillance and suppression . “Columbia has made it as difficult as possible for people to protest and also contributed to a culture of fear,” she said, adding that she remains “really inspired by people who c"
/news/2026/03/28/blessed-and-grateful-columbia-protester-leqaa-kordia-joined-by-politicians-supporters-celebrating-her-release-from-ice-detention/,2026-03-29,2026,news,,ihra_ext,deny_self_determination,From the river to the sea,condemned,"bic before translating for the audience. “‘Our patience did not go in vain,’ is what it’s saying,” the student told the gathered crowd in the moments before Kordia walked out. “Our patience is like the patience of the natural path…so, thank God our patience did not go in vain.” Kordia led chants that called for Palestinian freedom, including “Palestine is our demand, no peace on stolen land” and “From the river to the sea, Palestine will be free.” Several speakers—including Columbia students and Barnard professor of theater Shayoni Mitra—also voiced support for the Palestinian liberation movement. A representative of Student Workers of Columbia-United Auto Workers, an organization of over 3,000 University student workers and faculty members, welcomed Kordia’s release. “Our union is united in our outrage that she w"
/news/2026/03/28/blessed-and-grateful-columbia-protester-leqaa-kordia-joined-by-politicians-supporters-celebrating-her-release-from-ice-detention/,2026-03-29,2026,news,,ihra_ext,apartheid_genocide_framing,Israeli apartheid,condemned,"time. The government declined to challenge it, and Kordia was released on March 16 following payment of her $100,000 bond—an amount her legal team criticized as “staggering.” “Like Leqaa, I was targeted by the Trump administration for protesting the genocide of my people,” Mahdawi said at the event. He noted that he and Leqaa had much in common: Both were Palestinian refugees who had experienced “Israeli apartheid,” had lived in the United States for over a decade, held no criminal record, and yet were arrested anyway. “What does our detention say about America, to have Palestinians and pro-Palestine advocates being targeted for their speech?” Khalil asked. “That means that the violence and the erasure against Palestinians extend beyond the geography of Palestine. That’s why we were targeted.” Khalil added"
/news/2026/03/28/blessed-and-grateful-columbia-protester-leqaa-kordia-joined-by-politicians-supporters-celebrating-her-release-from-ice-detention/,2026-03-29,2026,news,,ihra_ext,apartheid_genocide_framing,genocide in Gaza,reported,"ing Law Enforcement Accountability & Responsibility ProjectClear, and more, also spoke at the event, alongside Paterson Mayor André Sayegh, his wife Farhanna Sayegh, and members of Paterson’s city council. All expressed their gratitude that Kordia had finally been released. “Leqaa should never have been confined by ICE in the first place, a year of her life stolen because she protested an ongoing genocide in Gaza as an unapologetically proud Palestinian woman,” Amal Thabateh, a lawyer with CUNY CLEARClear, said. “I am so happy that today that she is home with us to celebrate the holiday, to celebrate Eid with her family,” Sayegh said. He and Paterson’s City Council passed a resolution in December 2025 calling for Kordia’s release. City leaders had rallied around her return home since her detainment—especi"
/news/2026/03/04/sunrise-movement-holds-hands-off-iran-protest-in-response-to-us-military-strikes-drawing-dozens/,2026-03-05,2026,news,,ihra_ext,deny_self_determination,From the river to the sea,reported," retaliatory attacks beginning Saturday against U.S. military bases in Bahrain, Qatar, Kuwait, and Saudi Arabia, as well as Israeli targets in Beit Shemesh, a city in Israel. Protesters took turns delivering speeches that focused on ongoing global conflicts, including those in Cuba, Afghanistan, Lebanon, Venezuela, and Gaza. They chanted “Disclose, divest, we will not stop, we will not rest” and “From the river to the sea, Palestine will be free.” “This war is not about the freedom of the Iranian people,” Jones said in a speech to the crowd. “It is not about democracy. It is about domination and control.” Iran faced mounting pressure in the weeks leading up to the attacks, from its brutal crackdown on protest after another sharp fall in value of the Iranian currency, and called for overall political change. Iran’s"
/news/2025/09/23/mahmoud-khalil-sipa-24-addresses-hundreds-at-voices-for-gaza-fundraising-event/,2025-09-24,2025,news,,ihra_ext,apartheid_genocide_framing,genocide in Gaza,reported,"ed, “Letter to a Gazan Child.” Independent bookstore McNally Jackson Books and INARA sponsored the event. Jiladi said that INARA’s clinic in Gaza had been treating 120 patients per day since Israel began its ground invasion of Gaza City, wherein their workers were forced to evacuate. Jiladi said four had refused to leave. The United Nations concluded in a Sept. 16 report that Israel has committed genocide in Gaza. That same day, Israel announced the start of its ground invasion of Gaza City. The U.N. report includes references of Israeli officials killing and harming “unprecedented numbers of Palestinians,” blocking the humanitarian aid, damaging healthcare and education systems, perpetrating sexual violence among Palestinians, targeting children, and attacking cultural sites as evidence of genocide. Days"
/news/2025/07/29/ahead-of-deal-with-trump-administration-nyclu-urged-shipman-to-defend-academic-freedom-in-negotiations/,2025-07-29,2025,news,,ihra_ext,deny_self_determination,From the River to the Sea,condemned," expected or demanded of any other democratic nation” should be regarded as antisemitic. Eisenberg wrote that while IHRA guidelines recognize that criticisms of Israeli government policies are not antisemitic, the guidelines are “considerably more ambiguous and misleading when it comes to criticism of the decision to create and maintain the State of Israel.” Citing examples of statements such as “From the River to the Sea” and “Free Palestine,” Eisenberg wrote that opinions “vary significantly” as to whether these statements should be regarded as antisemitic. “Neither the IHRA definition of antisemitism nor its guidelines address, much less resolve, these and other close questions,” the letter reads. “That is why the IHRA definition of antisemitism is of limited utility in addressing conflicts of the sort that Col"
/news/2025/06/23/mahmoud-khalil-sipa-24-vows-to-continue-activism-condemns-columbias-hypocrisy-in-first-public-addresses-since-release/,2025-06-23,2025,news,,ihra_ext,apartheid_genocide_framing,genocide in Gaza,reported,"t day, that students at campuses across this country and across the world who oppose and opposed genocide in Palestine were on the right side of history. They still are, we still are.” At the end of his remarks, and before leading a short march toward Columbia’s gates, Khalil discussed Leqaa Kordia, “a Palestinian political prisoner still in ICE detention” who “lost over 100 family members to the genocide in Gaza.” Kordia, a Palestinian protester from the West Bank who was arrested by the NYPD last year for her involvement in the 2024 protests, was detained by ICE in March for overstaying her F-1 student visa, according to the Department of Homeland Security . She is currently being held in an ICE detention center in Texas. Maryam Alwan, GS ’25, a prominent pro-Palestinian activist who graduated from Colu"
/news/2025/05/24/shipman-affirms-commitment-to-combating-antisemitism-after-ocr-finds-columbia-in-violation-of-title-vi/,2025-05-24,2025,news,,narrow,nazi_symbol,swastikas,condemned,"itical and long-standing partnership with the federal government.” The OCR issued a violation notice on Thursday alleging that the University acted “with deliberate indifference” toward addressing antisemitic harassment on campus since Oct. 7, 2023. The notice included instances in which the University allegedly failed to address “student-on-student harassment of Jewish students,” including drawn swastikas, campus protests, and complaints filed by Jewish students. Shipman described the notice as part of the efforts to resolve the ongoing Title VI investigations into Columbia and to “seek a restoration of our vital research funding.” Shipman linked a web page titled “Combatting Antisemitism” on the Office of the President website in her email to describe the University’s response to antisemitism. Ac"
/news/2025/05/23/office-for-civil-rights-finds-columbia-in-violation-of-title-vi-citing-deliberate-indifference-toward-antisemitism/,2025-05-23,2025,news,,narrow,nazi_symbol,swastikas,condemned," Thursday, stating in a news release that the University acted “with deliberate indifference” toward addressing antisemitic harassment on campus since Oct. 7, 2023. The department’s news release references “extensive factual findings” since Hamas’ Oct. 7, 2023, attack on Israel, for cases in which the University failed to address “student-on-student harassment of Jewish students,” including drawn swastikas, campus protests, and complaints filed by Jewish students. The Department of Education’s Office for Civil Rights first opened its investigation into antisemitism at Columbia on Feb. 3, citing President Donald Trump’s Jan. 29 executive order . The department had previously opened a similar investigation on Nov. 16, 2023, over alleged antisemitic and anti-Muslim harassment at Columbia. The Federal "
/news/2025/05/23/office-for-civil-rights-finds-columbia-in-violation-of-title-vi-citing-deliberate-indifference-toward-antisemitism/,2025-05-23,2025,news,,narrow,nazi_symbol,swastikas,condemned,"as not been restored. The violation notice lists and describes instances in which the University allegedly “continually failed to protect Jewish students,” including alleged failures to properly follow University policies and procedures in regard to addressing complaints of misconduct made by Jewish students, investigating and punishing vandalism in classrooms, including the “repeated” drawing of swastikas, and enforcing time, place, and manner restrictions for campus protests. According to the OCR’s notice, the findings are based on a series of witness interviews, “reliable media reports” of antisemitic incidents, examination of University policies, and reports from the Columbia Task Force on Antisemitism. “The findings carefully document the hostile environment Jewish students at Columbia Univers"
/news/2025/05/05/facilities-workers-sue-protesters-for-alleged-assault-during-hamilton-hall-occupation/,2025-05-06,2025,news,,narrow,nazi_symbol,swastikas,condemned,"’s request for comment regarding when the probe was formally opened and when Torres and Wilson allege the retaliatory harassment from Columbia occurred. Torres filed a University accident report the same day, which stated that he had been “assaulted and battered, and wrongfully imprisoned.” Both Torres and Wilson alleged in their complaint that, before the occupation, both had cleaned “dozens” of swastikas off the walls of Hamilton. The Federal Task Force to Combat Antisemitism announced the cancellation of $400 million in federal grants and contracts to the University in a March 7 news release “due to the school’s continued inaction in the face of persistent harassment of Jewish students.” Deputy News Editor Emily Pickering can be contacted at emily.pickering@columbiaspectator.com . Follow her on "
/news/2025/05/05/facilities-workers-sue-protesters-for-alleged-assault-during-hamilton-hall-occupation/,2025-05-06,2025,news,,ihra_ext,apartheid_genocide_framing,Israeli genocide,reported,"ndividually as defendants at the top of the lawsuit. These John Does include, but are not limited to, those arrested by the New York Police Department on April 30, 2024, who are named in the lawsuit. “These claims are baseless,” Miner wrote in a statement to Spectator. “This is part of a larger, orchestrated and nationwide campaign using lawsuits to silence campus protests against the US-financed Israeli genocide being carried out against the people in Gaza.” Curran-Groome wrote in a statement to Spectator that the claims were “obviously false and defamatory and will be defended vigorously.” “In the last 3 days alone, 3 SLAPP suits including this one were initiated in a coordinated effort targeting students and community members across the country who have stood up against the US-backed Israeli genocide i"
/news/2025/05/05/facilities-workers-sue-protesters-for-alleged-assault-during-hamilton-hall-occupation/,2025-05-06,2025,news,,ihra_ext,apartheid_genocide_framing,Israeli genocide,condemned,"d Israeli genocide being carried out against the people in Gaza.” Curran-Groome wrote in a statement to Spectator that the claims were “obviously false and defamatory and will be defended vigorously.” “In the last 3 days alone, 3 SLAPP suits including this one were initiated in a coordinated effort targeting students and community members across the country who have stood up against the US-backed Israeli genocide in Gaza,” Curran-Groome wrote. She referenced “extremist groups like the Brandeis Center,” alleging that they are “cynically weaponizing concerns about antisemitism in order to help the Trump Administration detain, deport, and otherwise silence critics of a genocide. This lawsuit should concern anyone who cares about free speech and the right to protest.” Other individual defendants, whom the law"
/news/2025/04/22/office-of-institutional-equity-investigates-palestinian-activists-following-spectator-op-ed/,2025-04-23,2025,news,,ihra_ext,apartheid_genocide_framing,Israeli apartheid,condemned,"s any longer,” the op-ed reads. The disciplinary notice, obtained by Spectator, included a screenshot of a section of the op-ed in which CPSC listed its demands to the University. Alongside the call to “stop the School of General Studies’ pipeline” of students who served in the Israeli military, the op-ed demanded that the University divest from “companies and weapons manufacturers profiting from Israeli apartheid and genocide,” cancel the opening of its global center in Tel Aviv , and cease its dual degree program with Tel Aviv University. The disciplinary notice listed two other allegations regarding posts made on CPSC’s Instagram account, over which the OIE alleges Alwan and Saliba had “effective control.” The first post , published on Oct. 24, 2024, featured the same demands listed in the Spectator op-"
/news/2025/04/22/office-of-institutional-equity-investigates-palestinian-activists-following-spectator-op-ed/,2025-04-23,2025,news,,ihra_ext,apartheid_genocide_framing,genocide in Gaza,condemned," “effective control.” The first post , published on Oct. 24, 2024, featured the same demands listed in the Spectator op-ed. The second post was published on Oct. 31, 2024, following the release of the House Committee on Education and the Workforce report titled “Antisemitism on College Campuses Exposed.” “This report, released by official government entities, is meant to distract from the ongoing genocide in Gaza while further endangering Palestinians on campus,” the post read. The notice alleged that Alwan and Saliba may have created a hostile environment for Columbia affiliates that interfered with their participation in University programs on the basis of their association with a protected class, including their national origin, religion, or veteran or active military status. In Israel, military servic"
/news/2025/04/21/students-and-alumni-tether-themselves-to-116th-and-amsterdam-gates-in-protest-of-ice-detaining-affiliates/,2025-04-21,2025,news,,ihra_ext,deny_self_determination,From the river to the sea,reported,"mni for Palestine wrote in a press statement. At approximately 1:25 p.m., Public Safety officers began removing the bike locks with bolt cutters. “Public Safety, you can’t hide,” protesters chanted. “We charge you with genocide.” At approximately 1:35 p.m., NYPD officers with zip ties gathered on Amsterdam Avenue. Protesters then read the names and ages of Palestinian children killed in the war. “From the river to the sea, Palestine will be free,” protesters chanted. “Disclose, divest, we will not stop, we will not rest.” One protester read a statement from a Palestinian journalist and human rights worker in Gaza. “Today they are discussing journalists’ right to free speech,” the protester said before the statement, adding that “Palestinian journalists have said that the press just feels more like a target.” “I wa"
/news/2025/04/21/students-and-alumni-tether-themselves-to-116th-and-amsterdam-gates-in-protest-of-ice-detaining-affiliates/,2025-04-21,2025,news,,ihra_ext,apartheid_genocide_framing,genocide in Gaza,reported,"versity delegates or Public Safety, “those who resist removal may be removed by an authorized individual and subject to arrest for trespassing.” . At approximately 12:55 p.m., the University representative gave protesters a “second warning” and announced that Public Safety officers would ask for their Columbia IDs. Multiple NYPD vans were parked on Amsterdam Avenue next to the protesters. “As the genocide in Gaza continues to escalate at a rapid rate made possible by our tuition and tax dollars, and fascism rises at home, students and alumni are physically putting their bodies on the line to prevent any more Palestinian erasure on Columbia’s campus,” SIPA Alumni for Palestine wrote in a press statement. At approximately 1:25 p.m., Public Safety officers began removing the bike locks with bolt cutters. “Pu"
/news/2025/04/04/federal-judge-rules-to-keep-palestinian-activist-mahmoud-khalil-case-in-new-jersey-denies-governments-motion-for-dismissal/,2025-04-05,2025,news,,ihra_ext,apartheid_genocide_framing,genocide in Gaza,reported,"was a lead negotiator for the Columbia “Gaza Solidarity Encampment” in April 2024, during which he advocated for the University to divest from Israel. Noor Abdalla, Khalil’s wife, wrote in a statement following the New Jersey federal judge’s decision that her husband is “being held illegally held by the Trump administration, over a thousand miles away, simply because he advocated against Israel’s genocide in Gaza.” Though some of these deportation cases have been publicized, Sisay said that she had seen messages from other students who had their visas revoked by the government or whose universities had terminated their student statuses within the past few weeks. ICE agents have arrested and transferred several people allegedly involved in pro-Palestinian activism across state lines for detention, includin"
/news/2025/04/02/protesters-join-demonstrators-tethered-to-earl-gate-in-emergency-action/,2025-04-03,2025,news,,ihra_ext,apartheid_genocide_framing,Israeli genocide,reported,"Earl Hall, where another group of protesters tethered themselves to the gates with bike locks. “Jewish students have chained themselves to the gates of Columbia’s entrance to demand an end to Columbia’s collaboration with ICE, freedom for Mahmoud Khalil, and divestment,” the post reads. “As Trump continues to mount his repression campaign against students across the country, and as the U.S funded Israeli genocide in Gaza continues to escalate, the time to organize is now!” An earlier post by JVP on Wednesday cited a report by the Forward in which Ross Glick, the leader of Betar, an organization that describes itself as a “bold Zionist movement,” said he went to Washington, D.C. to meet with officials about Khalil. “He said that some members of Columbia’s board had also reported Khalil to officials,” the F"
/news/2025/04/02/jewish-pro-palestinian-protesters-chain-themselves-to-st-pauls-chapel-campus-gates/,2025-04-02,2025,news,,ihra_ext,apartheid_genocide_framing,genocide in Gaza,reported,"ity of this move is questionable because the trustees refuse to be transparent and release their by-laws.” “We will be staying here until they meet the bare minimum demands, which is to tell us which trustee is responsible for informing on students and telling ICE confidential information which is leading to their kidnapping,” a protester announced at the protest. “We refuse to accept the ongoing genocide in Gaza, carried out through the investments of our trustees, as normal,” the CPSC release read. “We refuse to accept the kidnapping of our friends as the new normal.” Columbia University Alumni for Palestine announced in an Instagram post an emergency rally outside the chapel’s gates at 6:30 p.m. “No member of Columbia leadership has ever requested the presence of U.S. Immigration and Customs Enforcemen"
/news/2025/04/01/columbias-response-to-the-trump-administrations-demands-explained/,2025-04-02,2025,news,,narrow,holocaust_denial,Holocaust denial,condemned,"inition “for use in training and education, not for discipline or as a means for limiting free speech or academic freedom.” “Antisemitism is prejudice, discrimination, hate, or violence directed at Jews, including Jewish Israelis,” the definition reads. “Antisemitism can manifest in a range of ways, including as ethnic slurs, epithets, and caricatures; stereotypes; antisemitic tropes and symbols; Holocaust denial; targeting Jews or Israelis for violence or celebrating violence against them; exclusion or discrimination based on Jewish identity or ancestry or real or perceived ties to Israel; and certain double standards applied to Israel.” Prior to Armstrong’s list, the University Senate passed a resolution “to combat antisemitism and all forms of hate” in its Feb. 7 plenary. After disagreement among senat"
/main/2025/04/01/sipa-alumni-tear-diplomas-in-protest-of-columbias-complicity-in-ice-arrest-of-mahmoud-khalil-sipa-24/,2025-04-02,2025,news,,ihra_ext,apartheid_genocide_framing,genocide in Gaza,reported," speaker, Trevor Kenmore, SIPA ’08, said. “Do you not weep? Do you not wish to tear your hair out?” Kenmore closed the press conference by renouncing their degree, tearing their diploma, and inviting other SIPA alumni behind the podium to do the same. “I renounce my degree,” he said. “I hope that this small act will inspire others to reject Columbia and all the other institutions complicit in the genocide in Gaza.” Deputy News Editor Tulasi Cherukuri can be contacted at tulasi.cherukuri@columbiaspectator.com . Follow Spectator on X @ColumbiaSpec . Want to keep up with breaking news? Subscribe to our email newsletter and like Spectator on Facebook ."
/news/2025/03/21/mahmoud-khalil-sipa-24-issues-statement-for-first-time-since-ice-arrest/,2025-03-21,2025,news,,ihra_ext,apartheid_genocide_framing,genocide in Gaza,condemned,"ivities aligned to Hamas, a designated terrorist organization.” DHS has not released evidence to support this claim. Khalil has not been charged with a crime, and a judge wrote on March 10 that he will not be removed from the United States until a court orders otherwise. “My arrest was a direct consequence of exercising my right to free speech as I advocated for a free Palestine and an end to the genocide in Gaza, which resumed in full force Monday night,” Khalil said in the Tuesday statement. Khalil criticized Columbia in the statement, saying that the University “targeted me for my activism.” He named former University President Minouche Shafik, interim University President Katrina Armstrong, and School of International and Public Affairs Dean Keren Yarhi-Milo. “Presidents Shafik, Armstrong, and Dean Ya"
/news/2025/03/16/hundreds-protest-in-times-square-to-demand-release-of-mahmoud-khalil-sipa-24/,2025-03-16,2025,news,,ihra_ext,deny_self_determination,From the river to the sea,reported,"hmoud Khalil now,” and “We want justice, you say how, ICE off our campus now.” After gathering at Columbus Circle, a speaker urged the crowd to continue protesting and meet with community members to “talk about how we’re going to free Palestine and how we’re going to free Mahmoud.” Protesters chanted “Free, free Palestine,” “Free our prisoners, free them all, break the chains and let them fall,” “From the river to the sea, Palestine will be free,” and “Palestine will live forever.” They dispersed around 4:30 p.m. Senior Staff Writer Sarah Huddleston can be contacted at sarah.huddleston@columbiaspectator.com. Follow Spectator on X @ColumbiaSpec . Want to keep up with breaking news? Subscribe to our email newsletter and like Spectator on Facebook ."
/news/2025/03/14/dozens-gather-outside-gates-in-protest-of-university-sanctions-against-pro-palestinian-protesters-khalil-detainment/,2025-03-14,2025,news,,ihra_ext,deny_self_determination,from the river to the sea,condemned,"an ICE detention facility in Louisiana while his legal team advances a writ of habeas corpus to bring him back to New York. Protesters demanded the “immediate reinstatement of all the expelled, suspended, and targeted students,” “ICE and NYPD off of our campuses,” “full divestment from genocide,” the “immediate release” of Khalil and “liberation of all political prisoners,” and “a free Palestine, from the river to the sea.” “We will not stop, not until Mahmoud is home, not until Columbia divests, not until Palestine is free,” a protester said during a speech. “From the river to the sea.” In the same speech, the protester called the University’s sanctions against pro-Palestinian protesters and ICE’s detainment of Khalil an effort to quell activism for Palestinian liberation. “This is not about immigration. This is "
/news/2025/03/14/dozens-gather-outside-gates-in-protest-of-university-sanctions-against-pro-palestinian-protesters-khalil-detainment/,2025-03-14,2025,news,,ihra_ext,deny_self_determination,From the river to the sea,condemned,"ement of all the expelled, suspended, and targeted students,” “ICE and NYPD off of our campuses,” “full divestment from genocide,” the “immediate release” of Khalil and “liberation of all political prisoners,” and “a free Palestine, from the river to the sea.” “We will not stop, not until Mahmoud is home, not until Columbia divests, not until Palestine is free,” a protester said during a speech. “From the river to the sea.” In the same speech, the protester called the University’s sanctions against pro-Palestinian protesters and ICE’s detainment of Khalil an effort to quell activism for Palestinian liberation. “This is not about immigration. This is not about freedom of speech. Columbia, ICE, and the U.S. government are not targeting people just because of their visa status. They are not just silencing students be"
/news/2025/03/05/pro-palestinian-protesters-stage-sit-in-in-milstein-lobby/,2025-03-05,2025,news,,ihra_ext,deny_self_determination,From the river to the sea,reported,"rs had renegotiated the terms of the meeting, asking the protesters to remove their masks and face coverings. “We were left with no choice but to resume the sit-in because Barnard has shown they will sabotage negotiations unless we hold them accountable,” a Wednesday Substack post by CUAD read. Protesters chanted “Disclose, divest, we will not stop, we will not rest,” “Free, free Palestine,” and “From the river to the sea, Palestine will be free.” Protesters played drums and displayed Palestinian flags. Protesters hung “Wanted” signs of Rosenbury and Grinage, while another held up a doll with a name tag that reads “Laura Rosenbury.” “WANTED Dean of Students: Leslie Grinage for the wrongful expulsion of pro-Palestinian students,” the sign reads. Barnard officials put up tape attached to yellow supports in front of "
/news/2025/01/19/us-ambassador-to-israel-jacob-lew-returns-to-sipa-faculty/,2025-01-20,2025,news,,ihra_ext,deny_self_determination,Zionist entity,condemned,"our talented students and faculty as well as sharing my views and experiences on everything from tariff policy and sanctions to the current tensions and conflict in the Middle East,” he added. In a Jan. 16 post on Instagram reacting to the announcement, Columbia University Apartheid Divest condemned the rehiring. “As the US Ambassador to Israel, Lew directly represented the joint interests of the Zionist entity and the US empire in furthering the Palestinian genocide and advancing imperial agendas,” CUAD wrote. The post included an image of Lew with red laser circles photoshopped over his eyes and devil ears drawn over his head. The post also labeled him, SIPA professor Hillary Clinton, and Yarhi-Milo as “war criminals.” A University spokesperson described the images in the post as “disgraceful” in a st"
/news/2024/12/06/center-for-palestine-studies-hosts-event-with-ta-nehesi-coates-and-rashid-khalidi/,2024-12-06,2024,news,,ihra_ext,deny_self_determination,From the river to the sea,reported,"t moral disasters of our lifetimes is something we should have dialogue about,” Khalidi responded. Khalidi spoke about the creation of the state of Israel and how “the actual boundaries of the state of Israel and the imaginary of what it is, are two different things.” “The fact that the imaginary is instantiated in the state with an army and the establishment of frontiers means that when you say ‘From the river to the sea,’ and you’re talking about Israel, it is a project that hasn’t been realized,” Khalidi said. Coates and Khalidi discussed the importance of active dialogue surrounding free speech and censorship in the classroom. Coates, whose 2015 book “Between the World and Me” was restricted in a South Carolina school district, stressed the importance of not censoring literature in an academic curriculum. “I t"
/news/2024/11/12/cuad-holds-martyrs-day-protest-to-reclaim-veterans-day/,2024-11-13,2024,news,,ihra_ext,deny_self_determination,Zionist entity,reported,"ighting and pushing and remembering its people, Palestine can never be destroyed,” the speaker added. Protesters then held paper poppies, one of the national symbols for Palestinians, and read the names and personal details of Palestinians killed in the war in Gaza. The flowers were then planted “for Palestinian martyrs, for Lebanese martyrs, for Syrian martyrs, and for any person martyred by the Zionist entity,” one speaker said. The group sat next to a sign that read, “From students of NY to students of Palestine we are with you until victory.” “We can continue to push Columbia to divest from the Israeli occupation economy,” one protester said. “Through Columbia’s investments, we are complicit in the deaths of these martyrs and the displacement of many more Palestinians.” Protesters handed out flyers "
/city-news/2024/11/03/ccnys-sjp-chapter-calls-for-boycott-of-nearby-cafes-supporting-israel/,2024-11-03,2024,news,,ihra_ext,apartheid_genocide_framing,genocide in Gaza,reported,"e in and when we found out that it was actually Nestlé, it became even worse. Nestlé is directly, straight off the BDS list.” Abram Morris, a student organizer at CCNY, said that the move to serve Starbucks products in the cafés is “a violation of what’s supposed to be holding value to our alumni and our community.” “For me, personally, it’s not just a boycott of companies that are complicit with genocide in Gaza,” Morris said. “It’s a boycott of our system, and in recognition that at our college campuses, we shouldn’t be forced to confront the same system that we have to confront everywhere else.” Morris emphasized the need for support of locally owned businesses rather than large corporations. “What would really make this better is if we had a slew of locally owned Harlem businesses that occupy our dini"
/news/2024/10/30/student-organizers-disaffiliate-from-cuad-establish-columbia-palestine-solidarity-coalition/,2024-10-31,2024,news,,ihra_ext,apartheid_genocide_framing,Apartheid Israel,reported,"re aware of the power of students, and that is precisely why we have seen the concerted effort to blacklist, brutalize, and arrest us across the country over the past year,” CPSC wrote in its statement. “But student activists have always been on the right side of history, and we intend to make sure that Columbia will be the first Ivy League to divest from not only Apartheid South Africa, but also Apartheid Israel.” CPSC also highlighted its demands for “divestment from Zionist occupation and apartheid,” listing its four demands of the University. These included a call to “divest from companies and weapons manufacturers profiting from Israeli apartheid and genocide,” ending the University’s dual degree program with Tel Aviv University, canceling the opening of the Tel Aviv Global Center, and ending “the Sc"
/news/2024/10/30/student-organizers-disaffiliate-from-cuad-establish-columbia-palestine-solidarity-coalition/,2024-10-31,2024,news,,ihra_ext,apartheid_genocide_framing,Israeli apartheid,reported," on the right side of history, and we intend to make sure that Columbia will be the first Ivy League to divest from not only Apartheid South Africa, but also Apartheid Israel.” CPSC also highlighted its demands for “divestment from Zionist occupation and apartheid,” listing its four demands of the University. These included a call to “divest from companies and weapons manufacturers profiting from Israeli apartheid and genocide,” ending the University’s dual degree program with Tel Aviv University, canceling the opening of the Tel Aviv Global Center, and ending “the School of General Studies’ pipeline of Israeli soldiers who are complicit in war crimes against the Palestinian people and neighboring sovereign countries.” The new organization wrote to Spectator that “it is imperative that the student body is "
/news/2024/10/08/columbia-sjp-shares-statement-commemorating-one-year-of-the-strategic-and-anti-imperialist-al-aqsa-flood-on-anniversary-of-oct-7-attack/,2024-10-08,2024,news,,ihra_ext,deny_self_determination,Zionist entity,condemned,"’s statement also includes that Haniyeh “denounced the normalization of relations with Israel and highlighted the necessity of militancy in liberating Palestine.” “The main takeaway from this statement by Haniyeh on October 7th 2023 is that Operation al-Aqsa Flood was launched with the objective to liberate Palestinian prisoners, the holy sites, and land of Palestine that has been occupied by the Zionist entity since 1948, in the context of the escalation of imperialist violence against Palestinians in scale and brutality over the past few years,” SJP’s statement reads. The statement also describes “Palestinian Resistance groups” who are “increasingly united together in joint operation.” “This joint operation includes Hamas, Islamic Jihad, the Popular Front for the Liberation of Palestine, the Lion’s De"
/news/2024/10/08/columbia-sjp-shares-statement-commemorating-one-year-of-the-strategic-and-anti-imperialist-al-aqsa-flood-on-anniversary-of-oct-7-attack/,2024-10-08,2024,news,,ihra_ext,deny_self_determination,Zionist entity,condemned,"he people, relying on them to secure victory,” the SJP statement reads. Hundreds of affiliates participated in a Monday pro-Palestinian walkout on Columbia’s Morningside campus—organized by Columbia University Apartheid Divest—as a part of Within Our Lifetime’s call to demonstrate throughout New York City on Oct. 7. “TODAY, Columbia students gathered to honor our martyrs who were massacred by the Zionist entity, as well as commemorate the historic Al-Aqsa Flood operation,” SJP wrote in a Monday post on X . “We will continue to mourn the dead and fight like hell for the living. RESISTANCE UNTIL VICTORY AND RETURN.” The University suspended SJP and Columbia’s chapter of Jewish Voice for Peace in November 2023 for “repeatedly” violating campus event policies, which the University had altered 17 days before"
/news/2024/10/01/cuad-organizers-give-overview-of-palestinian-history-and-culture-in-palestine-101-event/,2024-10-01,2024,news,,ihra_ext,apartheid_genocide_framing,Israeli apartheid,reported," “Palestinians have a deep poetic tradition,” the second speaker said. “Some of our music is actually rooted in poetry, it comes from poetry that’s inspired by the land.” At the end of the presentation, a third CUAD speaker outlined the coalition’s demands for Columbia, including that the University “divest all of its finances, including endowment, from companies and institutions that profit from Israeli apartheid, genocide, and occupation of Palestine” and “ensure accountability by increasing transparency around financial investments”; “sever academic ties with Israeli universities, including the planned global center in Tel Aviv”; and “cease expansion into Harlem and provide reparations and support housing for low-income Harlem residents.” The third speaker also discussed ways for students to get involve"
/news/2024/09/27/pro-palestinian-protesters-hold-all-out-for-lebanon-demonstration-after-netanyahu-unga-address/,2024-09-27,2024,news,,ihra_ext,deny_self_determination,From the river to the sea,reported,"o-Israel counterprotesters holding Israeli and American flags stood behind speakers at the demonstration. They chanted “Free Gaza from Hamas,” “Free Lebanon from Hezbollah,” and “Bring them home.” They also sang the national anthems of the United States and Israel. In between speakers, the protesters were led through familiar chants like “Disclose, divest, we will not stop, we will not rest” and “From the river to the sea, Palestine will be free.” Public Safety officers roped off a walkway between pro-Palestinian and pro-Israel protesters about an hour and 15 minutes into the demonstration. Pro-Israel protesters chanted “Bring them home” as a representative from the Palestinian Youth Movement spoke to the crowd. “We are gathering here today because for weeks, the Zionist entity continues to inch towards expanding "
/news/2024/09/27/pro-palestinian-protesters-hold-all-out-for-lebanon-demonstration-after-netanyahu-unga-address/,2024-09-27,2024,news,,ihra_ext,deny_self_determination,Zionist entity,reported,"p, we will not rest” and “From the river to the sea, Palestine will be free.” Public Safety officers roped off a walkway between pro-Palestinian and pro-Israel protesters about an hour and 15 minutes into the demonstration. Pro-Israel protesters chanted “Bring them home” as a representative from the Palestinian Youth Movement spoke to the crowd. “We are gathering here today because for weeks, the Zionist entity continues to inch towards expanding its genocide on the brave people of Lebanon because they have stood firmly by the side of the Palestinian people as they resist the barbaric Zionist entity,” the speaker said. The protest ended at around 3:45 p.m., with the protesters holding hands and chanting “It is our duty to fight for our freedom. It is our duty to win. We must love and support one another"
/news/2024/09/27/pro-palestinian-protesters-hold-all-out-for-lebanon-demonstration-after-netanyahu-unga-address/,2024-09-27,2024,news,,ihra_ext,deny_self_determination,Zionist entity,reported,"minutes into the demonstration. Pro-Israel protesters chanted “Bring them home” as a representative from the Palestinian Youth Movement spoke to the crowd. “We are gathering here today because for weeks, the Zionist entity continues to inch towards expanding its genocide on the brave people of Lebanon because they have stood firmly by the side of the Palestinian people as they resist the barbaric Zionist entity,” the speaker said. The protest ended at around 3:45 p.m., with the protesters holding hands and chanting “It is our duty to fight for our freedom. It is our duty to win. We must love and support one another. We have nothing to lose but our chains.” As the protest concluded, one counterprotester chanted “Say it loud, say it clear, we don’t want jihadists here” into a loudspeaker. Earlier in the p"
/news/2024/09/19/armstrong-discusses-campus-access-public-safety-and-community-engagement-in-first-interview/,2024-09-19,2024,news,,ihra_ext,apartheid_genocide_framing,Israeli Apartheid,reported,"n divestment talks with student protesters, Armstrong spoke on developing models for “meaningful engagement” to “really bring us together and think about what we want to be.” She pointed to the Advisory Committee on Socially Responsible Investing and its process for evaluating divestment proposals. In February, the ACSRI rejected Columbia University Apartheid Divest’s proposal on “Divestment from Israeli Apartheid, Occupation, and Genocide” for failure to meet the committee’s criteria. Though Armstrong acknowledged the role that New York City plays in Columbia’s mission, she said that now is a time to look “inward” and ask, “How does Columbia get better? How do we actually move things forward here?” When asked if she agreed or disagreed with former University President Minouche Shafik’s authorization of th"
/news/2024/09/06/task-force-on-antisemitism-issues-second-report-detailing-student-testimonies-recommendations-for-antidiscrimination-training/,2024-09-07,2024,news,,narrow,holocaust_denial,Holocaust denial,condemned,"overhaul. The report states the definition is meant “to educate, not to ban” and “should not be used to impose discipline.” “Antisemitism is prejudice, discrimination, hate, or violence directed at Jews, including Jewish Israelis,” the definition reads. “Antisemitism can manifest in a range of ways, including as ethnic slurs, epithets, and caricatures; stereotypes; antisemitic tropes and symbols; Holocaust denial; targeting Jews or Israelis for violence or celebrating violence against them; exclusion or discrimination based on Jewish identity or ancestry or real or perceived ties to Israel; and certain double standards applied to Israel.” Fuchs emphasized that the definition remains a work in progress. “It’s connected to Columbia and how to educate, and how to do the trainings and education, and it comes "
/news/2024/09/05/council-on-american-islamic-relations-sends-letter-to-armstrong-warning-against-producing-disciplinary-records-for-congress/,2024-09-06,2024,news,,ihra_ext,apartheid_genocide_framing,Israeli apartheid,condemned,"at Southfield West Lawn.” The news release included a statement from Columbia University Apartheid Divest condemning the committee’s subpoena that “Congress’ demand for further information on internal proceedings, particularly information protected by our rights under FERPA.” CUAD wrote that the committee “explicitly seeks to conflate our protests for Palestinian self-determination and the end of Israeli apartheid with antisemitic conduct.” “This is a transparent attempt to cow students into silence, and we urge our administration not to shirk its commitments both to these students and to the principles of free and open discussion which define, and must continue to define, higher education, just as we will not shirk our commitment to organizing for a free Palestine,” CUAD wrote. University News Editor Sara"
/news/2024/05/17/you-have-become-our-teachers-community-gathers-for-the-peoples-graduation/,2024-05-18,2024,news,,ihra_ext,deny_self_determination,from the river to the sea,reported,"asking the audience to repeat after him, “From womb to breath, and one with oneness, I be, from the river to the sea,” from his poem “Sunbird.” He then read the poem “Dedication” from his collection “[...].” “To those who insist on homing their pigeons during the war, have your pigeons come home,” Joudah said, reciting the end of the poem. “To those, to those, to those, we are not afraid of love, from the river to the sea.” Pianist Vijay Iyer next played a piece called “Kite” dedicated to Refaat Alareer, a Palestinian writer and professor killed by an Israeli airstrike in Gaza in December 2023. As Iyer played, a slideshow of photos taken by members of the Journalism School during the “Gaza Solidarity Encampment” played on a TV at the front of the cathedral. Student speaker Rahmah Badran, CC ’24, came up to the lec"
/news/2024/05/17/you-have-become-our-teachers-community-gathers-for-the-peoples-graduation/,2024-05-18,2024,news,,ihra_ext,deny_self_determination,From the river to the sea,unattributed,"the crowd in a rendition of the song that protestors sang as they were arrested on April 18 and April 30. The lyrics—which begin with “where you go I will go, my friend”—were printed in the programs distributed before the celebration began. The audience cheered as faculty exited first and graduates threw their caps in the air. Afterward, audience members led a chant of “Free, free Palestine” and “From the river to the sea, Palestine will be free. From the sea to the river, Palestine will live forever.” As graduates exited from the main doors of St. John’s, faculty and community members lined the stairs to cheer and congratulate them. Deputy News Editor Maya Stahl can be contacted at maya.stahl@columbiaspectator.com . Follow Spectator on X @ColumbiaSpec . University News Editor Sarah Huddleston can be contacted at "
/news/2024/05/17/you-have-become-our-teachers-community-gathers-for-the-peoples-graduation/,2024-05-18,2024,news,,ihra_ext,apartheid_genocide_framing,genocide in Gaza,reported," our teachers’: Community gathers for ‘The People’s Graduation’. Hundreds of graduates, faculty, and community members gathered on Thursday at the Cathedral of St. John the Divine for “The People’s Graduation,” a ceremony organized by an independent group of faculty who “wanted to create a graduation ceremony for their students who have been excluded from campus for peacefully protesting Israel’s genocide in Gaza,” according to an Instagram post by the organizers. The commencement was open to any student “who wants to be a part of it,” according to the post—including those from City College of New York, the New School, and New York University. The event featured speakers including Noura Erakat, human rights attorney and professor at Rutgers University; Fady Joudah, Palestinian poet and physician; Randa Ja"
/news/2024/04/30/dozens-occupy-hamilton-hall-as-pro-palestinian-protests-spread-across-campus/,2024-04-30,2024,news,,ihra_ext,deny_self_determination,From the river to the sea,reported,"cers in front of the Earl Hall gates said they would enter if they “hear that someone’s gotten hurt.” An NYPD spokesperson told Spectator at 2:12 a.m. that officers are outside of campus but are not entering. As the occupation continued and protesters barricaded the doors, some demonstrators began a smaller picket on the walkway near the Hamilton statue in front of the human barricade, chanting, “From the river to the sea, Palestine will be free” and “Palestine will live forever.” Students also picketed in front of the admissions office entrance into Hamilton. Minutes before the occupation began, a group of protesters moved at least a dozen tents from the “Gaza Solidarity Encampment” to the lawn outside of Lewisohn Hall. A small group of individuals remained near Lewisohn Hall early into Tuesday morning. The “Gaza"
/city-news/2024/04/29/we-stand-with-the-students-shut-it-down-for-palestine-holds-friday-midnight-protest-outnumbered-by-nypd/,2024-04-30,2024,news,,ihra_ext,apartheid_genocide_framing,genocide in Gaza,reported,"me educator and organizer who has been demonstrating with the coalition since Oct. 8, said she had seen clips of tear gas usage at Ohio State University and Emory University and expressed solidarity with student protesters facing “violent police repression” across the country. She emphasized the importance of framing the student protests as “one sector” supporting the broader movement to end the “genocide in Gaza.” Joe Catron, a member of the Shut it Down Coalition, described tensions between media coverage and reality. “It seems like there’s a real disconnect between what the average person on the street is thinking and feeling, and what the media is reporting, the way they’re spinning it,” Catron said. “That’s always been somewhat true, but it seems a lot more pronounced now than it has been in the past"
/news/2024/04/26/united-for-israel-march-draws-hundreds-multiple-incidents-of-harassment-reported/,2024-04-26,2024,news,,narrow,nazi_symbol,swastika,reported,"d held an Israeli flag merged with an American flag over their faces. A protester shouted at a Black man holding a pro-Palestinian banner: “You don’t know where Gaza is. Where is Gaza? It’s not in Africa, buddy.” At one point during the protest, Johnson, one of the organizers, held up a sign reading “Hamas Universities,” with the names of several universities, including Columbia, written inside a swastika. One counterprotester repeatedly shouted “Free, free Palestine” and “God bless Hamas,” according to a video posted on YouTube by Freedomnews TV. Protesters stood in the street until around 7 p.m., when NYPD officers moved the crowd behind barricades lining the sidewalk. Audio played through an NYPD loudspeaker told protesters that they would be “subject to arrest” if they did not move to the side"
/news/2024/04/26/united-for-israel-march-draws-hundreds-multiple-incidents-of-harassment-reported/,2024-04-26,2024,news,,ihra_ext,deny_self_determination,from the river to the sea,condemned,"n. Multiple pro-Israel protesters moved toward them, with one man repeatedly yelling, “You want to get raped, you want to get murdered” at the group. A few NYPD officers intervened and separated the protesters. At around 6:33 p.m., a group of protesters, led by Feucht, began marching west on 115th Street before heading to the 116th Street and Amsterdam Avenue gates, chanting “Israel will be free, from the river to the sea” and “hate will not win.” The crowd also sang Israel’s national anthem. Dozens of protesters filled the street, blocking traffic on Amsterdam Avenue before the NYPD demanded demonstrators stay within the sidewalk and leave the traffic lane. Feucht gave a speech to the crowd as increasing numbers of protesters came to the gates. “We stand against the rising antisemitic spirit on college campuses a"
/city-news/2024/04/24/i-am-the-jewish-future-detained-jewish-columbia-students-hold-press-conference-outside-presidents-house/,2024-04-25,2024,news,,ihra_ext,apartheid_genocide_framing,Israeli apartheid,condemned,"hildren, bombing homes, hospitals, and universities, where there are thousands of young students just like us,” Sarah said. “We are here today as Jewish Columbia and Barnard students who were arrested and suspended for peacefully protesting in support of Palestine.” They then reiterated CUAD’s three demands of the University, which include financial divestment from all companies that “profit from Israeli apartheid, genocide, and occupation in Palestine”; financial transparency of all of the University’s investments; and “amnesty for all students and faculty arrested or fired in connection to the movement for Palestinian liberation.” Three Barnard students, all members of Columbia University Apartheid Divest who were detained on Thursday, spoke on how their Jewish identities led them to participate in pro-P"
/city-news/2024/04/24/i-am-the-jewish-future-detained-jewish-columbia-students-hold-press-conference-outside-presidents-house/,2024-04-25,2024,news,,ihra_ext,apartheid_genocide_framing,genocide in Gaza,condemned,"t he did not feel safe for the past six months as a “direct result” of the University’s “one-sided statements and inaction.” “What we’re facing here is anti-Palestinian hate that’s taking multiple forms, whether it is Islamophobia, racism, antisemitism,” Khalil said. “Yet Columbia has not acknowledged this pain, the pain of the Palestinian community at Columbia that are calling for the end of the genocide in Gaza.” The students all emphasized the need for centering the Palestinian people amid the ongoing protests. “We have continually had to defend our religious identities, even when there’s a long tradition behind them,” Borus said. “We stand here before you to say, clearly, that this is a distraction. More than 30,000 Palestinians are dead, and 85 percent of the population of Gaza is displaced. Our Univ"
/news/2024/04/23/biden-condemns-antisemitic-protests-at-columbia-as-senators-urge-him-to-call-out-the-national-guard/,2024-04-23,2024,news,,ihra_ext,apartheid_genocide_framing,Genocide in Gaza,reported,"inn.), whose daughter Isra Hirsi, BC ’25, was arrested in Thursday’s mass arrests, wrote in a Monday post on X that “Throughout history, protests were co-opted and made to look bad so police and public leaders would shut them down. That’s what we are seeing now at Columbia University.” “The Columbia protesters have made clear their demands and want their school not to be complacent in the ongoing Genocide in Gaza,” Omar said. “Public officials and media making this about anything else are inflaming the situation and need to bring calmness and sanity back.” Deputy News Editor Apurva Chakravarthy can be contacted at apurva.chakravarthy@columbiaspectator.com . Follow Spectator on X @ColumbiaSpec . Want to keep up with breaking news? Subscribe to our email newsletter and like Spectator on Facebook ."
/news/2024/04/21/columbia-in-crisis-shafik-testifies-before-congress-about-antisemitism-at-columbia/,2024-04-22,2024,news,,ihra_ext,deny_self_determination,from the river to the sea,condemned,"oth of the courses’ syllabi list parts of the Bible, including Genesis, as required reading. Rep. Lisa McClain (R-Mich.) asked Shafik for her personal definition of antisemitism and then her opinion on how the task force on antisemitism might describe the term—something the task force’s leadership has controversially declined to do . McClain zeroed in on specific language, asking if phrases like “from the river to the sea, Palestine will be free” or “long live the Intifada,” are antisemitic—echoing earlier moments in the hearing. Unsatisfied with Shafik’s first two responses—“when I hear those terms, I find them very upsetting” and “I hear them as such, some people don’t”—McClain pressed on, asking for a yes or no response. Shafik eventually answered affirmatively that the phrases were antisemitic and deserved con"
/news/2024/04/21/pro-palestinian-organizations-at-universities-across-the-world-protest-in-support-of-columbia-gaza-solidarity-encampment/,2024-04-21,2024,news,,ihra_ext,apartheid_genocide_framing,genocide in Gaza,reported,"g our own demands for Harvard to disclose, divest and reinvest,” the coalition of groups wrote on their Instagram. More than 200 Harvard affiliates participated in the protest, the Harvard Crimson reported , chanting, “Disclose, divest, we will not stop, we will not rest”—a phrase often chanted at Columbia’s protests—and holding up signs that read “Harvard out of occupied Palestine” and “Stop the genocide in Gaza.” “We are enraged and horrified, but not surprised, by the repression unleashed by Columbia University’s administration on the Gaza Solidarity Encampment and the broader divestment coalition,” the HGSU-BDS caucus of rank and file members wrote in a statement to Spectator on Friday. The caucus described “the demand for divestment as inextricable from worker rights and the labor struggle. For this "
/news/2024/04/21/pro-palestinian-organizations-at-universities-across-the-world-protest-in-support-of-columbia-gaza-solidarity-encampment/,2024-04-21,2024,news,,ihra_ext,apartheid_genocide_framing,genocide in Gaza,reported," administration on the Gaza Solidarity Encampment and the broader divestment coalition,” the HGSU-BDS caucus of rank and file members wrote in a statement to Spectator on Friday. The caucus described “the demand for divestment as inextricable from worker rights and the labor struggle. For this reason, we stand in complete solidarity with students and student-workers protesting against the ongoing genocide in Gaza and join their demand for Columbia University to divest from Israel.” Brown University — Providence, Rhode Island Brown University’s chapter of SJP co-hosted an “emergency picket” at around 12 p.m. on Friday outside the Brown campus. The chapter also co-authored a statement on Thursday with Brown Divest Coalition and BrownU Jews for Ceasefire Now in support of the “Gaza Solidarity Encampment.” On"
/news/2024/04/21/pro-palestinian-organizations-at-universities-across-the-world-protest-in-support-of-columbia-gaza-solidarity-encampment/,2024-04-21,2024,news,,ihra_ext,apartheid_genocide_framing,genocide in Gaza,reported,"wnU Jews for Ceasefire Now were arrested for a sit-in also at University Hall, according to the Brown Daily Herald . “Columbia’s deployment of the NYPD to carry out arrests and Brown’s unprecedented pursuit of criminal conviction of the BDC 41 are instances of the rise in police presence and arrests in universities’ responses to student activism speaking out against universities complicity in the genocide in Gaza,” the Brown Divest Coalition wrote in a statement to Spectator. “The BDC stands in solidarity with all students arrested at Columbia and all students facing criminal punishment for peaceful protest across the nation.” Miami University — Oxford, Ohio The Miami University chapter of SJP held a “walkout in solidarity” with the arrested Columbia students at 12 p.m. on Friday at its campus in Oxford, "
/news/2024/04/21/pro-palestinian-organizations-at-universities-across-the-world-protest-in-support-of-columbia-gaza-solidarity-encampment/,2024-04-21,2024,news,,ihra_ext,apartheid_genocide_framing,Israeli Apartheid,reported,"d create unlivable conditions throughout the planet,” the group wrote. “The bravery of Columbia students has sent ripples across the country, and has deeply strengthened the movement towards Palestinian freedom. This rippling effect has been and will continue to be felt at Ohio State until we see a free Palestine.” Princeton University — Princeton, New Jersey Princeton’s chapter of SJP, Princeton Israeli Apartheid Divest, Princeton Alumni for Palestine and Princeton Palestine Liberation Coalition hosted a rally on Friday “in solidarity with CUAD Gaza Solidarity Encampment.” “As the enduring CUAD encampment has shown us and as stated clearly yesterday, the more university administrations try to silence us, the louder we will be,” Princeton Divest Now wrote in a statement to Spectator on Saturday. “Even as t"
/news/2024/04/19/gaza-solidarity-encampment-enters-third-day-following-mass-arrests/,2024-04-19,2024,news,,ihra_ext,deny_self_determination,From the river to the sea,reported,"’s objective. During the question-and-answer portion of the talk, one student asked Finkelstein, “Out of all our slogans, which one stands out to you the most and which one do you think resonates with many?” In his response, Finkelstein praised the use of the phrases “Ceasefire now” and “Free Gaza, free speech” as potentially effective on college campuses. He then critiqued the use of the phrase “From the river to the sea, Palestine will be free” in favor of the phrase “From the river to the sea, Palestinians will be free,” as less ambiguous and harder to intentionally misconstrue. “With that simple amendment, that little amendment, you drastically reduce the possibility of being manipulatively misunderstood,” he said. After his response, another student questioned Finkelstein’s critique of the phrase, expressing "
/news/2024/04/19/gaza-solidarity-encampment-enters-third-day-following-mass-arrests/,2024-04-19,2024,news,,ihra_ext,deny_self_determination,From the river to the sea,reported,"nt asked Finkelstein, “Out of all our slogans, which one stands out to you the most and which one do you think resonates with many?” In his response, Finkelstein praised the use of the phrases “Ceasefire now” and “Free Gaza, free speech” as potentially effective on college campuses. He then critiqued the use of the phrase “From the river to the sea, Palestine will be free” in favor of the phrase “From the river to the sea, Palestinians will be free,” as less ambiguous and harder to intentionally misconstrue. “With that simple amendment, that little amendment, you drastically reduce the possibility of being manipulatively misunderstood,” he said. After his response, another student questioned Finkelstein’s critique of the phrase, expressing concern about potentially “repressing the human and emotional part of the p"
/news/2024/04/19/gaza-solidarity-encampment-enters-third-day-following-mass-arrests/,2024-04-19,2024,news,,ihra_ext,deny_self_determination,From the river to the sea,reported," of the movement, that you want to reach,” Finkelstein said. “For the people of Gaza, one has to exercise maximum responsibility, maximum responsibility, to get out of one’s navel, to crawl out of one’s ego, and to always keep in mind the question: ‘What are we trying to accomplish at this particular moment?’” Finkelstein added. After Finkelstein finished his talk, protesters continued to chant, “From the river to the sea, Palestine will be free.” In an interview with Spectator after his speech, Finkelstein shared his views on the future of the Israeli-Palestinian conflict and on-campus protests. “I think we’re probably closer to the beginning of the conflict than to the end. It may last for years,” Finkelstein said. “The question is whether people will find the inner wherewithal to persist in the face of signific"
/news/2024/04/18/despite-stumbles-shafik-kept-her-footing-on-capitol-hill-however-congress-promised-to-keep-a-close-eye-on-her-administration/,2024-04-18,2024,news,,ihra_ext,deny_self_determination,from the river to the sea,condemned,"gill —“Does calling for the genocide of Jews violate your University’s policies?” University leadership swiftly replied to the question in successive repetition: “Yes, it does.” Despite the sharp condemnation of general “calls for genocide against Jews,” Shafik was not as decisive when answering Rep. Suzanne Bonamici’s (D-Ore.) next question on whether chants such as “globalize the intifada” and “from the river to the sea” violate Columbia’s rules. “I find those chants incredibly distressing and I wish profoundly that people would not use them on our campus,” Shafik said. “It’s abhorrent and has no place in our community.” She continued to describe the challenge Columbia currently faces in drawing the line between “protected speech” and “discriminatory speech.” Shafik was quick to bring up in her opening remarks t"
/news/2024/04/18/the-house-committee-tried-to-make-shafik-trip-over-her-own-testimony-but-it-failed-to-fully-corner-her/,2024-04-18,2024,news,,ihra_ext,deny_self_determination,from the river to the sea,condemned," the four were not testifying under oath. Ultimately, Stefanik failed to deliver a knockout blow similar to her performance during the Dec. 5, 2023, hearing, where Magill and Gay struggled to answer whether calls for the genocide of Jewish people violated school policy. Rep. Lisa McClain (R-Mich.) created a particularly tense moment as she grilled Shafik on whether she believed that phrases like “from the river to the sea, Palestine will be free” or “long live the Intifada” are antisemitic. McClain asked Shafik the question twice, then turned to Schizer for an answer. After being asked a third time, Shafik answered in the affirmative. Throughout the hearing, committee members tried to isolate Shafik from her fellow University leadership, attempting to catch her in disagreement with Shipman, Greenwald, and Schizer."
/news/2024/04/17/universitys-treatment-of-student-sponsored-speakers-sparks-debate-on-free-speech-principles/,2024-04-18,2024,news,,narrow,holocaust_denial,denied the Holocaust,reported,"rnard affiliate organizations, and this is the first time we have heard of this co-sponsorship policy.” The controversy reflects a decadeslong discussion about the importance of free speech and plurality of speakers on campus. Former University President Lee Bollinger—a First Amendment scholar—defended in 2007 the University’s decision to host former President of Iran Mahmoud Ahmadinejad, who has denied the Holocaust and declared that homosexuality does not exist in Iran. The on-campus event drew thousands of protesters. Nonetheless, in his introduction of Ahmadinejad, Bollinger offered a harsh rebuke of him and added that Ahmadinejad “exhibit[s] all the signs of a petty and cruel dictator.” Robert Post, a First Amendment scholar and former dean of Yale Law School, published an article in 2017 titled, “There "
/news/2024/04/17/live-updates-shafik-testifies-before-congress-on-columbias-handling-of-antisemitism-on-campus/,2024-04-17,2024,news,,ihra_ext,deny_self_determination,from the river to the sea,condemned," that was circulated that members of the boards did not sign in support,” Stefanik said. Shipman, Greenwald, and Schizer all denied knowledge of any such letter. Stefanik’s last question of the hearing was regarding chants calling for the genocide of Jews, calling back to the pivotal question of the Dec. 5, 2023 hearing. “Has there been disciplinary action taken against students who have chanted ‘from the river to the sea,’ which you have testified is antisemitic, and which Congress has voted that it is antisemitic?” Stefanik asked. “We have some disciplinary cases ongoing around that language,” Shafik said in response. “We have specified that those kinds of chants should be restricted in terms of where they happen and we are looking at it.” 1:24 p.m. Rep. Nathaniel Moran (R-Texas) echoed Bean’s concerns about whe"
/news/2024/04/17/live-updates-shafik-testifies-before-congress-on-columbias-handling-of-antisemitism-on-campus/,2024-04-17,2024,news,,ihra_ext,deny_self_determination,from the river to the sea,condemned," which it has come under fire. McClain continued her line of questioning by asking Shafik what the consequences are for antisemitic behavior. “Depending on the nature of the incident, there are consequences ranging from people being potentially suspended, being forced to get educated and trained about antisemitism,” Shafik said. McClain then zeroed in on specific language, asking if phrases like “from the river to the sea, Palestine will be free,” or “long live the Intifada,” are antisemitic. McClain was unsatisfied with Shafik’s first response: “When I hear those terms, I find them very upsetting.” In her second response after McClain repeated the question, Shafik said, “I hear them as such, some people don’t.” McClain pressed on, asking for a yes or no response. Shafik eventually answered affirmatively that the "
/news/2024/04/17/live-updates-shafik-testifies-before-congress-on-columbias-handling-of-antisemitism-on-campus/,2024-04-17,2024,news,,ihra_ext,deny_self_determination,from the river to the sea,condemned,"niversity had engaged the FBI to respond to a “vile and shocking” panel called “ Resistance 101 ” that took place in March. He said the University suspended 10 students for their involvement in the event. Earlier in his remarks, Greenwald cited multiple controversial protest slogans that became a hot-button topic at the December hearing. “There were protests on campus in which protesters shouted ‘from the river to the sea’ and held banners saying things like ‘whatever it takes,’” he said. “Many Jews hear and see that as a call to eliminate Israel and Jews everywhere. As a result, many Jewish students and other members of our Columbia community did not feel safe.” Eighteen Columbia deans penned a Dec. 20, 2023, message describing the phrases “by any means necessary,” “from the river to the sea,” and calls for an “i"
/news/2024/04/17/live-updates-shafik-testifies-before-congress-on-columbias-handling-of-antisemitism-on-campus/,2024-04-17,2024,news,,ihra_ext,deny_self_determination,from the river to the sea,condemned,"h protesters shouted ‘from the river to the sea’ and held banners saying things like ‘whatever it takes,’” he said. “Many Jews hear and see that as a call to eliminate Israel and Jews everywhere. As a result, many Jewish students and other members of our Columbia community did not feel safe.” Eighteen Columbia deans penned a Dec. 20, 2023, message describing the phrases “by any means necessary,” “from the river to the sea,” and calls for an “intifada” as being “experienced by many Jewish, Israeli, and other members of our community as antisemitic and deeply hurtful.” 10:42 a.m. Following Schizer, Shipman delivered her opening remarks, reiterating many of the same measures that the University has taken to combat antisemitism that Shafik spoke of. “The last six months on our campus have served as an extreme pressure"
/news/2024/04/14/law-school-senate-gsas-council-pass-measures-calling-for-divestment-from-israel/,2024-04-15,2024,news,,ihra_ext,apartheid_genocide_framing,Israeli apartheid,reported,"sals for divestment. The Law School respects those long-standing processes.” A GSAS spokesperson did not respond to a request for comment. The Law School Student Senate statement demands the University to cease its dual degree program with Tel Aviv University, cancel the opening of the Tel Aviv global center , and divest all of its investment holdings from “companies profiting from or engaging in Israeli apartheid.” “We hope that this statement compels Columbia’s trustees to actually separate from companies and institutions that directly participate in grave violations of human rights and international law,” Columbia Law Students for Palestine wrote in an April 10 email to their mailing list. “By involving these groups and individuals in a global boycott, we hope to siphon off the massive stream of interna"
/news/2024/04/04/esc-rejects-referendum-on-divestment-from-israel/,2024-04-05,2024,news,,ihra_ext,apartheid_genocide_framing,Israeli Apartheid,unattributed,"ndum, ESC plans to send a survey to the School of Engineering and Applied Science student body later this semester that will include “carefully vetted language regarding this topic” developed with “input from the relevant student groups.” The Advisory Committee on Socially Responsible Investment rejected a proposal in February from Columbia University Apartheid Divest calling for “Divestment from Israeli Apartheid, Occupation, and Genocide.” The ASCRI cited a lack of “broad consensus” on divestment within the University community as the reason for its rejection. The original petition proposed by CUAD and signed by over 200 students included calls for a referendum to “gauge the interest” of SEAS students in “University-wide divestment” from companies affiliated with or supporting Israel. The proposed refere"
/news/2024/04/03/former-nightline-peer-listening-staff-members-allege-discrimination-culture-of-harm-in-barnard-sga-petition/,2024-04-03,2024,news,,ihra_ext,apartheid_genocide_framing,Israeli genocide,condemned,"f the roles of other staff members accused of discrimination, such as Staff Member 4, and an acknowledgement, via an all-staff email, of the alleged pro-Israel bias present in internal emails regarding the current geopolitical conflict. Whereas a previous staffwide email referred to the conflict as the “tragedy occurring in Israel,” the petition demands a follow-up email in which the terminology “Israeli genocide of Palestinian people” is used instead. Nightline wrote in its statement to Spectator that they “will not be making any statements regarding current events, as suggested in the petition, because our goal is to support the mental health of everyone in our community.” “We also understand the position of neutrality itself can be alienating to many,” the directors wrote. “We feel that supporting the "
/news/2024/03/05/barnard-sga-becomes-second-student-council-to-approve-ballot-measure-on-divestment-from-israel/,2024-03-06,2024,news,,ihra_ext,apartheid_genocide_framing,Israeli apartheid,unattributed,"presentation. SGA then held a closed vote, after which they announced to a crowd of students who awaited the news in the Diana Center that the inclusion of the ballot measure had passed by an undisclosed margin. The question that will be on the ballot, as proposed by CUAD, asks, “ Should Columbia University divest from companies and academic institutions that profit from or engage in the State of Israeli apartheid by: 1. Divesting all stocks, funds, and endowment and refrain from further investment in companies profiting from or engaging in Israeli apartheid; 2. Canceling the opening of the Tel Aviv Global Center; 3. Ceasing the Dual Degree Program between Columbia University and Tel Aviv University.” “In adding this question to the ballot, SGA is allowing the student body to voice its opinion and actively"
/news/2024/03/05/barnard-sga-becomes-second-student-council-to-approve-ballot-measure-on-divestment-from-israel/,2024-03-06,2024,news,,ihra_ext,apartheid_genocide_framing,Israeli apartheid,reported,"usion of the ballot measure had passed by an undisclosed margin. The question that will be on the ballot, as proposed by CUAD, asks, “ Should Columbia University divest from companies and academic institutions that profit from or engage in the State of Israeli apartheid by: 1. Divesting all stocks, funds, and endowment and refrain from further investment in companies profiting from or engaging in Israeli apartheid; 2. Canceling the opening of the Tel Aviv Global Center; 3. Ceasing the Dual Degree Program between Columbia University and Tel Aviv University.” “In adding this question to the ballot, SGA is allowing the student body to voice its opinion and actively engage in the college’s decision-making process,” CUAD’s referendum team wrote in a statement to Spectator. The team wrote that CUAD “celebrates” "
/news/2024/03/05/advisory-committee-on-socially-responsible-investing-rejects-cuad-divestment-proposal/,2024-03-05,2024,news,,ihra_ext,apartheid_genocide_framing,Israeli Apartheid,condemned,"Advisory Committee on Socially Responsible Investing rejects CUAD divestment proposal. The Advisory Committee on Socially Responsible Investing announced that Columbia University Apartheid Divest’s Dec. 1, 2023 proposal concerning “Divestment from Israeli Apartheid, Occupation, and Genocide” failed to meet the criteria for consideration of divestment on Feb. 29. CUAD, previously dissolved in 2020, was reestablished in November after the administration suspended Students for Justice in Palestine and Jewish Voice for Peace. In its proposal, signed by 89 student organizations, CUAD urged the University to withdraw all financial support from Israel, including d"
/news/2024/03/05/advisory-committee-on-socially-responsible-investing-rejects-cuad-divestment-proposal/,2024-03-05,2024,news,,ihra_ext,apartheid_genocide_framing,Israeli apartheid,condemned," Feb. 29. CUAD, previously dissolved in 2020, was reestablished in November after the administration suspended Students for Justice in Palestine and Jewish Voice for Peace. In its proposal, signed by 89 student organizations, CUAD urged the University to withdraw all financial support from Israel, including divesting from companies that “publicly or privately fund or invest in the perpetuation of Israeli apartheid and war crimes.” The coalition has since grown to more than 110 student organizations. According to the ACSRI statement, the committee’s rejection of the proposal rests on its failure to “meet the broad consensus test required for consideration of divestment.” Broad consensus within the University community is the first of three criteria, all of which must be met before the committee would recomm"
/news/2024/03/05/advisory-committee-on-socially-responsible-investing-rejects-cuad-divestment-proposal/,2024-03-05,2024,news,,ihra_ext,apartheid_genocide_framing,Israeli apartheid,reported,"e University should divest from “companies and academic institutions that profit from or engage in the State of Israel’s acts of occupation, apartheid, and genocide.” Following the ACSRI’s statement, CUAD proposed the referendum to CCSC on Sunday, prior to the council’s general body meeting. According to an Instagram post from Monday evening, CUAD has “initiated referenda processes to divest from Israeli apartheid and genocide” at Barnard, the School of General Studies, the School of Social Work, and the Law School. Oscar Noxon contributed reporting. Senior Staff Writer Cameron Spurr can be contacted at cameron.spurr@columbiaspectator.com . Follow Spectator on X @ColumbiaSpec . Want to keep up with breaking news? Subscribe to our email newsletter and like Spectator on Facebook ."
/news/2024/03/04/ccsc-approves-referendum-on-divestment-from-israel-adopts-boycott-policy/,2024-03-04,2024,news,,ihra_ext,apartheid_genocide_framing,Israeli apartheid,unattributed,"pended its chapters of Students for Justice in Palestine and Jewish Voice for Peace—brought the referendum to the council. The referendum passed at the council’s general body meeting with 28 in favor, two opposed, and three abstentions. The referendum proposes that Columbia divest from “all stocks, funds, and endowment and refrain from further investment in companies profiting from or engaging in Israeli apartheid”; the cancellation of the Tel Aviv Global Center’s opening ; and the cessation of Columbia’s dual degree program with Tel Aviv University. Pursuant to the council’s constitution, CCSC will work with “proponents and opponents” of the proposal in the coming weeks to craft neutral language before sending the referendum to students later this year. “As students before us have shown time and time agai"
/news/2024/03/04/ccsc-approves-referendum-on-divestment-from-israel-adopts-boycott-policy/,2024-03-04,2024,news,,ihra_ext,apartheid_genocide_framing,Israeli Apartheid,reported,"ations at home and abroad,” the referendum proposal reads. “To this end, we request you bring these issues to the student body so their voices can be heard on the matter, as they have been heard so many times before.” Later in the meeting, CCSC approved a second resolution, pledging to spend its discretionary budget—roughly $450,000—“solely to ethical uses” and boycott “companies that support the Israeli Apartheid state,” according to a copy of the final resolution obtained by Spectator. The resolution defines the companies that CCSC will boycott as any company “deemed by Boycott, Divestment, and Sanctions Movement (BDS) to be complicit in the violation of the human rights guaranteed to Palestinian civilians under international law.” The boycott resolution passed at the council’s general body meeting with "
/news/2024/03/04/ccsc-approves-referendum-on-divestment-from-israel-adopts-boycott-policy/,2024-03-04,2024,news,,ihra_ext,apartheid_genocide_framing,Israeli apartheid,reported,"includes students, faculty, staff, and alumni.” CUAD presented a divestment proposal to ACSRI on Dec. 1, 2023, but the committee rejected the proposal on Feb. 29 because it lacked “broad consensus within the University community regarding the issue at hand.” The proposal specifically named the companies Airbnb, Microsoft, Amazon, Alphabet, and BlackRock’s iShares ETFs as “companies profiting from Israeli apartheid.” “On questions of divestment, the University appreciates the work of the ACSRI to evaluate proposals consistent with its longstanding processes,” a University spokesperson wrote in a statement to Spectator. Though the results of the referendum will not directly affect University policy, the CUAD representatives said the purpose is to “challenge [the] assertion” that the 2020 referendum did not p"
/news/2024/02/29/barnard-seniors-deliver-letter-to-rosenbury-with-list-of-demands/,2024-02-29,2024,news,,ihra_ext,apartheid_genocide_framing,Israeli genocide,condemned," is demanding that Rosenbury call for a ceasefire of the Israel-Hamas war, apologize to students who underwent and are undergoing disciplinary action for attending campus protests, decrease the presence of New York Police Department officers and “Barnard Public Safety” on campus, make public a list of all endowment holdings, and divest the college from “corporations supplying and profiting off of Israeli genocide.” “We, the undersigned Barnard Class of 2024, write to you as members of this community disgraced by your leadership in response to the sheer and unprecedented horrors Palestinians in Gaza have faced since October 7th,” the letter reads. “The erosion of trust between the student body and the administration, under your brief presidency, is a stain on the legacy of this institution.” Nearly 400 Bar"
/news/2024/02/15/students-supporting-israel-holds-rally-for-our-existence/,2024-02-16,2024,news,,ihra_ext,deny_self_determination,from the river to the sea,condemned,"ues and against our rules,” the webpage reads. “Incitement to violence against members of our community will not be tolerated.” The webpage does not define what qualifies as calls for genocide, nor does it outline measures the University would take upon identifying such speech. A Dec. 20 statement from 18 Columbia deans acknowledged that “hearing chanted phrases such as ‘by any means necessary,’ ‘from the river to the sea,’ or calls for an ‘intifada’—irrespective of intentions and provenance—is experienced by many Jewish, Israeli, and other members of our community as antisemitic and deeply hurtful.” Following the speeches at the rally, demonstrators gathered in a circle and sang songs in Hebrew. University News Editor Shea Vance can be contacted at shea.vance@columbiaspectator.com . Follow her on X @SheaVance22 ."
/news/2024/02/15/students-supporting-israel-holds-rally-for-our-existence/,2024-02-16,2024,news,,ihra_ext,apartheid_genocide_framing,Gaza genocide,condemned,"tator that “The right of students, faculty, and staff to express their views is the cornerstone of our academic community.” “Every member of our community also has the responsibility not to interfere with the rights of others to speak, study, teach, and learn,” Slater wrote. A handful of counterprotesters attended the rally, holding signs reading “Jews for ceasefire” and “Never again is now, stop Gaza genocide.” A counterprotester interrupted one student speech, chanting “Free, free Palestine” and “How do you spell Zionist? Racist.” As Davidai prepared to speak, the chanting continued, to which Davidai responded by saying to the crowd, “Don’t engage, we believe in her freedom of speech. She can say whatever she wants.” Students spoke of their family histories in Israel and of the presence of Jewish peo"
/news/2024/01/19/pro-palestinian-student-groups-hold-divestment-now-rally-on-low-steps-call-for-tuition-strike/,2024-01-19,2024,news,,ihra_ext,apartheid_genocide_framing,Israeli Apartheid,reported,"-Palestinian student groups hold ‘divestment now’ rally on Low Steps, call for tuition strike. Updated on Jan. 19 at 7:53 p.m. Roughly one hundred demonstrators gathered on Low Steps Friday afternoon for a “divestment now” rally organized by Columbia University Apartheid Divest, the Barnard-Columbia Abolition Collective, and Student-Worker Solidarity. The groups called on Columbia to “Divest from Israeli Apartheid,” “Reform Campus Policing,” and “Commit to Financial Transparency” in a Friday Instagram post promoting the rally. The protest was the last event of the groups’ “action week” that began on Tuesday—the first day of spring semester classes—organized around an already planned tuition strike . “Minouche Shafik, can’t you see, we are all SJP, we are all JVP,” demonstrators chanted, referencing the Col"
/news/2023/12/24/shafik-declined-to-testify-before-congress-citing-a-scheduling-conflict-but-columbia-remains-under-national-scrutiny/,2023-12-24,2023,news,,ihra_ext,deny_self_determination,from the river to the sea,condemned,"airs; Nicholas Lemann, Joseph Pulitzer II and Edith Pulitzer Moore professor of journalism and dean emeritus of the Journalism School; and David Schizer, Harvey R. Miller professor of law and economics and dean emeritus of the Law School. Eighteen of Columbia’s deans collectively authored a message sent to Columbia affiliates on Friday in which they describe the phrases “by any means necessary,” “from the river to the sea,” and calls for an “intifada” to be “experienced by many Jewish, Israeli, and other members of our community as antisemitic and deeply hurtful.” The letter represents one of the first statements from senior University leadership directly addressing these clarion calls—language that the congressional committee specifically asked about during the hearing. Meanwhile, University affiliates have stron"
/news/2023/12/20/columbia-launches-initiatives-to-address-bigotry-intimidation-and-harassment/,2023-12-20,2023,news,,ihra_ext,deny_self_determination,from the river to the sea,condemned," do know is that in the last two months, we have struggled to fulfill our fundamental role as an academic commons where the most difficult issues can be discussed with openness and rigor.” The statement discusses “campus culture” and cites specific chants used by pro-Palestinian activists, calling on community members to “acknowledge that hearing chanted phrases such as ‘by any means necessary,’ ‘from the river to the sea,’ or calls for an ‘intifada’—irrespective of intentions and provenance—is experienced by many Jewish, Israeli, and other members of our community as antisemitic and deeply hurtful.” The statement also urges readers to acknowledge “that the fear of being labeled as antisemitic or as a supporter of terrorism for expressing anguish about the loss of Palestinian lives in Gaza or the West Bank makes p"
/news/2023/12/04/angela-davis-other-scholars-and-activists-speak-at-ella-baker-for-the-21st-century-symposium-event/,2023-12-05,2023,news,,ihra_ext,apartheid_genocide_framing,genocide in Gaza,reported," revised policies cited in SJP and JVP’s suspension without University Senate input, Rosberg confirms ] “I think it’s so important for us not to underestimate where we are and what we represent. On a campus like Columbia where you have an administration that is dedicated to making it impossible for people to gather freely and exchange ideas about what needs to be done to stop the violence and the genocide in Gaza you sometimes become a little myopic,” Davis said. “And you can forget that the reason they’re so repressive in the first place is because they never imagined that they would see anything like this. They never imagined that there would be a Jewish organization standing together with Students for Justice in Palestine and leading the way for all of us. That is very threatening.” In response to Davi"
/news/2023/11/29/sipa-students-stage-six-hour-sit-in-demand-administrative-action-and-divestment-from-israel/,2023-11-30,2023,news,,ihra_ext,deny_self_determination,from the river to the sea,condemned,"tice in Palestine and Jewish Voice for Peace and demanded an end to the increased presence of the New York Police Department on campus. Students demanded Yarhi-Milo acknowledge what they called the Israeli government’s “genocide against the Palestinian people,” and issue an apology for “rhetoric framing the Palestinian narratives as terrorism” in her Oct. 9 statement and for “misusing the phrase ‘from the river to the sea’ as a call for a Jewish massacre.” “I believe the statements that Dean Yarhi-Milo and President Minouche Shafik have sent have been polarizing, have been one-sided, and have been completely misconstruing what students are for,” Sammy, a first-year SIPA student who asked to be identified with a pseudonym citing safety concerns, told Spectator. “I don’t think the statements of the University and th"
/news/2023/11/19/former-consul-general-of-israel-in-new-york-dani-dayan-visits-columbia-amid-rise-in-antisemitism-on-campus/,2023-11-20,2023,news,,ihra_ext,deny_self_determination,From the river to the sea,condemned,"nd one in the diaspora, especially in North America, and especially in college campuses,” Dayan said in an interview with Spectator. At the town hall, Dayan described antisemitism as a “cancerous process.” He later told Spectator that during their meeting, he told Mitchell that the University failed to curtail antisemitism when it was in “stage I.” Dayan said instances, such as students chanting “From the river to the sea, Palestine will be free” during protests, are an example of stage I antisemitism. Now, Dayan said antisemitism on campus is in stage II. “If it reaches stage IV, it’s not about the Jews. The Jews have a state, we have a strong society,” Dayan said. “It’s about the University, it’s about what kind of leaders do you want to deliver to the American political spectrum, to the business community, to t"
/news/2023/11/19/dozens-of-law-school-students-stage-sit-in-read-names-of-palestinian-civilians-killed-in-israel-hamas-war/,2023-11-20,2023,news,,ihra_ext,apartheid_genocide_framing,Israeli apartheid,condemned,"hung a banner from the third-floor corridor inscribed with calls for a ceasefire and divestment from businesses associated with Israel. The banner also included the names of Palestinian civilians killed in the conflict. Deen Haleem, Law ’24, laid out six demands for “the political community”: an immediate ceasefire, recognition of the “ongoing genocide” happening in Palestine and Gaza, an end to “Israeli apartheid,” divestment from and sanctioning of Israel, protection of students’ free speech, and the rejection of efforts to equate anti-Zionist and pro-Palestinian statements with antisemitism. “Currently, thousands of students from law schools across the country are mobilizing as part of this day of action,” Haleem said in a speech kicking off the demonstration. “We call on the legal community not to repe"
/news/2023/11/15/to-shut-us-down-you-have-only-made-us-stronger-hundreds-of-students-faculty-protest-suspension-of-sjp-jvp/,2023-11-15,2023,news,,ihra_ext,apartheid_genocide_framing,Israeli apartheid,reported,"est. “The student groups on campus have mobilized at unprecedented levels to support us in the public Palestinian liberation struggle that they all fully see as their own struggle.” Thirty-eight student groups, including SJP and JVP, signed on to the CUAD coalition’s manifesto , published in Spectator on Tuesday, calling on the University to “immediately divest all economic and academic stakes in Israeli apartheid in accordance with the results of the 2020 student body referendum,” among other demands. Speakers on behalf of the Teachers College for Palestine group said the suspension of the student groups is antithetical to an education grounded in social justice. “To suspend SJP and JVP for these protests is absolutely ludicrous,” one speaker said. “This is not what education is supposed to look like.” A "
/news/2023/11/10/school-of-social-work-students-hold-sit-in-university-threatens-academic-sanctions/,2023-11-10,2023,news,,ihra_ext,deny_self_determination,from the river to the sea,reported,"ng,” Rosberg responded. “People can listen to you and say ‘We understand that, we respect your right to ask for that, [but] it is not something we can do.’” Students repeatedly asked Rosberg “Do you or do you not condemn the genocide going on in Gaza” to which he then stated that he doesn’t think “anyone should really care about [his] personal opinion”. He pointed to a student’s poster that read “from the river to the sea” and said that he “hears all day, every day that that is a call for genocide,” to which the crowd responded that the phrase is a call for “land back.” For about 10 more minutes, Rosberg engaged in a back-and-forth with students at the sit-in, according to video reviewed by Spectator. “Columbia cannot solve all the problems of the world,” but it is focused on providing an environment “in which peo"
/news/2023/11/10/school-of-social-work-students-hold-sit-in-university-threatens-academic-sanctions/,2023-11-10,2023,news,,ihra_ext,apartheid_genocide_framing,Israeli apartheid,reported,"protestor said. Through the town hall, the collective aims to establish a space to address the protection of students who have been targets of doxxing or public defamation for voicing support for Palestinian resistance. In its demand letter, the group advocates for a transparent report on the School of Social Work’s investment data, divestment from companies and individuals who it says profit on “Israeli apartheid,” and reformations of the school’s curricular framework on power, oppression, and privilege to include a broader lens on anti-imperialism. The diversity, equity, and inclusion statement on the School of Social Work’s website reads that the school is “committed to centering race in our pursuit of social justice and anti-oppressive practice. We view this as a guiding principle for our community—usi"
/news/2023/11/02/i-am-a-target-dozens-of-jewish-students-report-feeling-unsafe-on-campus/,2023-11-02,2023,news,,narrow,nazi_symbol,swastika,condemned,"to centuries-old antisemitic tropes that ultimately got our people put into gas chambers.” “It’s not something that we can really take lightly,” she added. These reports from students came in conjunction with the alleged assault of a Jewish Israeli School of General Studies student on Oct. 11 in front of Butler Library, which the Manhattan District Attorney’s Office has charged as a hate crime, a swastika drawn in the International Affairs Building on Oct. 27, and inflammatory online comments toward Jews and Israelis posted on Instagram, Sidechat, in WhatsApp group chats, and by email since the escalation of violence in Israel and Gaza. ‘I’m scared to walk back because I’m Jewish’ A dozen students said that they have avoided campus as much as possible since Oct. 7, and some students said they miss"
/news/2023/11/01/shafik-rosenbury-bailey-announce-task-force-on-antisemitism/,2023-11-01,2023,news,,narrow,nazi_symbol,swastika,condemned,"essed “several antisemitic incidents” on campus. “The perpetrators of these incidents are not only attacking members of our community, they are attacking the values it is built on—respect for our shared humanity,” Shafik wrote. “I want to reiterate that antisemitism, like any form of bigotry, is an assault on everything we stand for at Columbia.” The task force announcement came just days after a swastika was found drawn on a bathroom wall in the International Affairs Building, according to a Friday email from SIPA Dean Keren Yarhi-Milo. Less than two weeks ago, LionLez president Lizzy George-Griffin, CC ’23, wrote an email saying that “THE HOLOCAUST WASN’T SPECIAL” and “Israelites are the Nazis,” which was widely shared and criticized on social media. Earlier last month, former student Malaika Fr"
/news/2023/11/01/hundreds-of-faculty-sign-open-letters-in-debate-around-free-speech-student-safety-following-palestinian-solidarity-statement/,2023-11-01,2023,news,,ihra_ext,apartheid_genocide_framing,Israeli apartheid,condemned,"or any form of bigotry based on the religious, racial, national, or ethnic identity of anyone,” Shafik wrote. The first faculty open letter also referred to a previous demand published in the open statement by students, calling for the closure of the dual-degree program with Tel Aviv University and the planned Tel Aviv Global Center, and asking University President Minouche Shafik to “divest from Israeli apartheid” and to begin “verbally acknowledging Palestinian existence and humanity.” According to the open letter, a similar demand for the program’s closure was also made by various faculty members, after an open letter was circulated against the center on Feb. 16. It cited concerns regarding Columbia's relationship with Israel, academic freedom, compliance with U.S. non-discrimination law when operating "
/news/2023/10/31/rosenbury-follow-up-email-on-violence-in-gaza-and-israel-denounces-anti-zionism-draws-criticism-for-biased-rhetoric/,2023-11-01,2023,news,,narrow,nazi_symbol,swastika,condemned,"t’s been going on on campus.” Rosenbury acknowledged the recent rise in antisemitism on campus, referencing specific incidents she has witnessed and heard of, including seeing posters on campus she wrote “justify the deliberate murder of innocent civilians, employ racial slurs, espouse misinformation, and call for the elimination of entire groups of people.” The day following Rosenbury’s email, a swastika was found drawn on a bathroom wall in the International Affairs Building, according to a Friday email to the School of International and Public Affairs community from SIPA Dean Keren Yarhi-Milo. Earlier this month, former student Malaika Friedman allegedly assaulted an Israeli General Studies student in front of Butler Library. Friedman is now facing hate crime charges from the Manhattan District"
/news/2023/10/30/swastika-found-drawn-in-international-affairs-building-restroom/,2023-10-30,2023,news,,narrow,nazi_symbol,swastika,condemned,"al to Columbia’s values and can lead to acts of harassment or violence,” adding that when “this type of speech is unlawful or violates University rules, it will not be tolerated.” Jewish Columbia affiliates have reported hearing anti-Jewish slurs when attending on-campus protests, as well as fearing for their safety when wearing visibly Jewish symbols such as the Star of David. The day before the swastika was discovered, hundreds of protestors gathered outside the West 116th Street and Broadway gates demanding to “end Jew hatred” on campus. Earlier this month, an Israeli School of General Studies student was allegedly assaulted by a former student in front of Butler Library. The former student is now facing hate crime charges from the Manhattan District Attorney’s office. [Read more: Former studen"
/news/2023/10/26/hundreds-of-affiliates-participate-in-national-walkout-with-students-for-justice-in-palestine-and-jewish-voice-for-peace/,2023-10-26,2023,news,,ihra_ext,deny_self_determination,From the river to the sea,reported,"ellation of the opening of the Tel Aviv Global Center. “It’s just a double standard with the University. It’s a double standard with Western media. It’s sick, but we’re here. We want a ceasefire. We want Columbia to divest from all of these companies,” Fadi, a General Studies student who asked to be identified by their first name, said. During the walkout, participants chanted slogans, including “From the river to the sea, Palestine will be free,” “Every time the media lies, a neighborhood in Gaza dies,” “Minouche Shafik, open your eyes, you’re supporting genocide,” and “The people united will never be defeated.” Protesters also held signs reading “5,791+ killed in 2 weeks” and “end the blockade.” Most protesters wore some form of face covering to protect their personal identities in the midst of doxxing targeting"
/news/2023/10/19/swc-uaw-publishes-statement-of-solidarity-calls-for-acknowledgement-of-pain-fear-and-grief-of-palestinians/,2023-10-19,2023,news,,ihra_ext,apartheid_genocide_framing,Israeli apartheid,condemned,"ent reads. [Read more: Nearly two dozen Palestinian solidarity groups release open letter, joint statement ] Max Grear, a member of SWC-UAW, a fifth-year Ph.D. student in the anthropology department, said she felt “compelled to take a stance” as an individual and as a part of international labor solidarity movements. Grear, who considers herself a Jewish anti-Zionist, said that “it upsets me that Israeli apartheid and the support for Israeli Apartheid from the U.S. government so often happens in the name of Jewish people, particularly in the U.S.” “And that’s upsetting to me, because I don’t believe that the Israeli state has anything to do with protecting Jewish people like myself,” Grear said. “It upsets me that anti-Zionism is conflated with antisemitism as well.” Three Jewish members of SWC-UAW involve"
/news/2023/10/19/swc-uaw-publishes-statement-of-solidarity-calls-for-acknowledgement-of-pain-fear-and-grief-of-palestinians/,2023-10-19,2023,news,,ihra_ext,apartheid_genocide_framing,Israeli Apartheid,condemned,"n Palestinian solidarity groups release open letter, joint statement ] Max Grear, a member of SWC-UAW, a fifth-year Ph.D. student in the anthropology department, said she felt “compelled to take a stance” as an individual and as a part of international labor solidarity movements. Grear, who considers herself a Jewish anti-Zionist, said that “it upsets me that Israeli apartheid and the support for Israeli Apartheid from the U.S. government so often happens in the name of Jewish people, particularly in the U.S.” “And that’s upsetting to me, because I don’t believe that the Israeli state has anything to do with protecting Jewish people like myself,” Grear said. “It upsets me that anti-Zionism is conflated with antisemitism as well.” Three Jewish members of SWC-UAW involved in the drafting process spoke to Spe"
/news/2023/10/12/hundreds-of-protesters-pack-campus-following-escalation-of-violence-in-israel-and-gaza/,2023-10-12,2023,news,,ihra_ext,deny_self_determination,From the river to the sea,reported,", Palestine Working Group at the School of International and Public Affairs, and the Palestinian Student Union at Columbia. As the protest began around 4:30 p.m., SJP and JVP—waving Palestinian flags and signs demanding freedom—first took a moment of silence for civilians who have been killed before starting a series of chants, including “Free, free Palestine,” “Palestine is here and proud,” and “From the river to the sea.” SSI, donning Israeli flags and holding signs with names and photos of Israelis that Hamas has killed and reportedly taken as hostages, remained largely silent through the first half hour of the protest and then began singing in Hebrew in a circle. Administrators announced late Wednesday night that campus would only be open to Columbia ID holders on the day of the protests, but members of the pr"
/news/2023/10/12/hundreds-of-protesters-pack-campus-following-escalation-of-violence-in-israel-and-gaza/,2023-10-12,2023,news,,ihra_ext,apartheid_genocide_framing,Israeli apartheid,reported,"her dime, no more money for Israel’s crimes.” A University spokesperson declined to comment on the protesters’ chants. SJP and JVP released an open letter to administrators on Monday and posted four specific demands of the University on Instagram. The organization called on the University to “correct and apologize” for previous statements from administrators, “divest from companies profiting from Israeli apartheid,” cancel the planned opening of the Tel Aviv Global Center, and end the dual-degree program with Tel Aviv University. In advance of the protests, the deans of Columbia College, the School of Engineering and Applied Science, and the School of General Studies sent a joint email to students on Thursday acknowledging that students are “concerned for their personal safety.” “Columbia stands resolutely"
/news/2023/10/12/nearly-two-dozen-palestinian-solidarity-groups-release-open-letter-joint-statement/,2023-10-12,2023,news,,ihra_ext,apartheid_genocide_framing,apartheid Israel,reported,"ism efforts on campus after the conflict in Israel and Gaza intensified over the weekend. Columbia Students for Justice in Palestine published an open letter on Monday demanding the University to “start verbally acknowledging Palestinian existence and humanity.” Twenty other Palestinian solidarity groups released a joint statement urging Columbia to “end its ties with” what they characterized as “apartheid Israel.” The letter and statement came directly after Hamas’ unexpected attack on Israel on Saturday, which was met with a declaration of war from Israeli Prime Minister Benjamin Netanyahu. Since then, Israel Defense Forces has increased airstrikes on Gaza, and the Israeli defense minister has ordered a “complete siege” of Gaza, cutting off food, water, fuel, and other supplies to the region. At least 1"
/news/2023/10/12/nearly-two-dozen-palestinian-solidarity-groups-release-open-letter-joint-statement/,2023-10-12,2023,news,,ihra_ext,apartheid_genocide_framing,Israeli apartheid,condemned," Rosen-Metsch. The groups said the statements displayed “discrimination” and a “complete erasure of Palestinians.” Barnard did not comment on the statement, and a University spokesperson declined to comment. The open letter from Students for Justice in Palestine, co-signed by Columbia Jewish Voices for Peace, asserted solidarity with “Palestinian resistance” and said Columbia “actively normalizes Israeli apartheid and subjugation of Palestinians.” Students for Justice in Palestine did not respond to a request for comment. Like the joint statement, the open letter condemned Grinage’s statement for its failure to mention Palestinian suffering and Rosen-Metsch’s statement, which the organization wrote “exclusively sympathized with Israeli soldiers” and refused to acknowledge Palestinian casualties, as well as"
/news/2023/10/12/nearly-two-dozen-palestinian-solidarity-groups-release-open-letter-joint-statement/,2023-10-12,2023,news,,ihra_ext,apartheid_genocide_framing,Israeli apartheid,condemned,"to a request for comment. Like the joint statement, the open letter condemned Grinage’s statement for its failure to mention Palestinian suffering and Rosen-Metsch’s statement, which the organization wrote “exclusively sympathized with Israeli soldiers” and refused to acknowledge Palestinian casualties, as well as the historical context of the conflict. The letter called on Shafik to “divest from Israeli apartheid,” end the dual degree-program with Tel Aviv University, cancel the opening of the Tel Aviv Global Center, and to “verbally [acknowledge] Palestinian existence and humanity.” It also condemned former University President Lee Bollinger for overturning a student referendum for Columbia to divest from Israeli companies that “profit off of the construction of illegal settlements on Palestinian land.” "
/news/2021/06/24/community-solidarity-statement-with-palestine-garners-over-1500-signatures/,2021-06-24,2021,news,,ihra_ext,apartheid_genocide_framing,Israeli Apartheid,reported,"ty statement with Palestine garners over 1,500 signatures. In the wake of Israel’s recent attacks on Palestinians in the Gaza Strip and Sheikh Jarrah, more than 1,500 Columbia students, faculty, and alumni have signed a letter expressing solidarity with Palestinians . The letter, titled “Columbia University Community Statement in Solidarity with Palestine: A Call to End Columbia’s Complicity with Israeli Apartheid,” calls for University President Lee Bollinger to divest from companies profiting from the Israeli occupation, end collaboration with Israeli institutions, and refuse to “participate in the normalization of apartheid and the ongoing seige of Palestinian life.” Drafted by graduate students and edited by faculty members, the letter is not affiliated with any specific student group. In asking Bollin"
/news/2021/04/21/nypd-investigating-noose-found-at-union-theological-seminary-as-hate-crime/,2021-04-21,2021,news,,narrow,nazi_symbol,Swastikas,condemned," In 2014, a noose was placed on Madonna Constantine’s door at Teacher’s College. At the time, University President Lee Bollinger denounced the event. Bollinger has yet to personally comment on the most recent racist incident at UTS. Last year, numerous incidents involving anti-Semitic and anti-Asian vandalism occurred directly on Columbia’s campus, even while many students were studying remotely. Swastikas have been drawn on Low Steps and in East Campus . Anti-Chinese messages were written over Butler Library right before the pandemic outbreak in the United States. In addition, throughout the past two decades , at least five anti-Black racist incidents were documented at Columbia. These racist acts have drawn more forceful criticism from the University administration over time, with the most recent"
/news/2020/10/09/swastika-on-low-steps-is-fourth-instance-of-reported-anti-semitic-vandalism-this-year-2/,2020-10-09,2020,news,,narrow,nazi_symbol,Swastika,condemned,"Swastika on Low Steps is fourth instance of reported anti-Semitic vandalism this year. A swastika was drawn on the steps of Low Library on Tuesday night, according to statements released by both Barnard and Columbia where administrators condemned the act of vandalism and promised to work toward creating safe communities. There have been four incidents of anti-Semitic vandalism reported at Columbia in the "
/news/2020/10/09/swastika-on-low-steps-is-fourth-instance-of-reported-anti-semitic-vandalism-this-year-2/,2020-10-09,2020,news,,narrow,nazi_symbol,swastika,condemned,"Swastika on Low Steps is fourth instance of reported anti-Semitic vandalism this year. A swastika was drawn on the steps of Low Library on Tuesday night, according to statements released by both Barnard and Columbia where administrators condemned the act of vandalism and promised to work toward creating safe communities. There have been four incidents of anti-Semitic vandalism reported at Columbia in the past year. In February and March 2020, swastikas were found painted on the 16th floor of "
/news/2020/10/09/swastika-on-low-steps-is-fourth-instance-of-reported-anti-semitic-vandalism-this-year-2/,2020-10-09,2020,news,,narrow,nazi_symbol,swastikas,condemned,"orted anti-Semitic vandalism this year. A swastika was drawn on the steps of Low Library on Tuesday night, according to statements released by both Barnard and Columbia where administrators condemned the act of vandalism and promised to work toward creating safe communities. There have been four incidents of anti-Semitic vandalism reported at Columbia in the past year. In February and March 2020, swastikas were found painted on the 16th floor of East Campus on three separate occasions. Additionally, in November 2018, a Jewish professor at Teachers College found her office vandalized with swastikas and anti-Semitic slurs. Barnard and Columbia administrations have consistently condemned these acts, but their searches for the perpetrators and motives have been inconclusive. Approximately one-quarter o"
/news/2020/10/09/swastika-on-low-steps-is-fourth-instance-of-reported-anti-semitic-vandalism-this-year-2/,2020-10-09,2020,news,,narrow,nazi_symbol,swastikas,condemned,"mned the act of vandalism and promised to work toward creating safe communities. There have been four incidents of anti-Semitic vandalism reported at Columbia in the past year. In February and March 2020, swastikas were found painted on the 16th floor of East Campus on three separate occasions. Additionally, in November 2018, a Jewish professor at Teachers College found her office vandalized with swastikas and anti-Semitic slurs. Barnard and Columbia administrations have consistently condemned these acts, but their searches for the perpetrators and motives have been inconclusive. Approximately one-quarter of the Columbia undergraduate student body is Jewish. In her statement to the Columbia community on Wednesday, Suzanne Goldberg, executive vice president for University Life, emphasized the Univer"
/news/2020/10/09/swastika-on-low-steps-is-fourth-instance-of-reported-anti-semitic-vandalism-this-year-2/,2020-10-09,2020,news,,narrow,nazi_symbol,swastika,condemned,"ernoon. Despite these announcements, some students are not convinced that the University is doing enough to combat expressions of anti-Semitism on campus. “There’s a lack of initiative here. The acknowledgment is more out of requirement than it is out of actual care,” Alana Silber, BC ’21, said. “There isn’t even a slight shift in the feeling on campus. It’s like, ‘Oh, yeah, of course there was a swastika.’” Specifically, a number of Jewish students have pointed to discussions surrounding a referendum held by Columbia College Student Council as an example of how they believe their safety is threatened on campus. The referendum, which has been debated across student councils for four years, asked undergraduates to vote on whether the University should divest its stocks, funds, and endowment from co"
/news/2020/10/09/swastika-on-low-steps-is-fourth-instance-of-reported-anti-semitic-vandalism-this-year-2/,2020-10-09,2020,news,,narrow,nazi_symbol,swastika,condemned,"rofit from or engage in the state of Israel’s acts toward Palestinians.” It is part of a larger international boycott, divestment, and sanctions movement. Of the 39 percent of Columbia College undergraduates that participated in the referendum vote, 61 percent voted in favor of divestment. “My thoughts initially went to two places,” Ohad Klopman, GS and JTS ’22, said. “Is this related to the last swastika that we saw?”—referencing the East Campus vandalism earlier this year—""And is it related in any way to the BDS resolution that just passed CC?"" The relationship between anti-Semitism and the BDS movement is contested within the Jewish community, mostly over ideological interpretations of what constitutes acts of anti-Semitism. “I personally don’t have a compelling notion that it’s [related to] th"
/news/2020/04/01/this-semester-the-16th-floor-of-east-campus-has-seen-three-incidents-of-anti-semitic-vandalism/,2020-04-01,2020,news,,narrow,nazi_symbol,swastikas,condemned,"This semester, the 16th floor of East Campus has seen three incidents of anti-Semitic vandalism. This semester, there have been three reports of swastikas being painted on the 16th floor of East Campus. This is the same floor on which Chinese students’ name tags were burned in the wake of the COVID-19 outbreak. The first incident of anti-Semitic vandalism was confirmed by administrators in mid-February. The latter two incidents were committed on two separate occasions during the week of March 15, according to an email from Undergraduate Student Lif"
/news/2020/04/01/this-semester-the-16th-floor-of-east-campus-has-seen-three-incidents-of-anti-semitic-vandalism/,2020-04-01,2020,news,,narrow,nazi_symbol,swastikas,condemned,"the same floor on which Chinese students’ name tags were burned in the wake of the COVID-19 outbreak. The first incident of anti-Semitic vandalism was confirmed by administrators in mid-February. The latter two incidents were committed on two separate occasions during the week of March 15, according to an email from Undergraduate Student Life Dean Cristen Kromm. In her email, Kromm wrote that the swastikas were immediately removed when staff was notified. Last week, Residential Life asked students who had not evacuated campus for information to guide the investigation into the two incidents. As of Tuesday, no disciplinary action has been taken, as administrators are still attempting to find the individuals involved, according to a Columbia College spokesperson. Before the two most recent acts of va"
/news/2020/04/01/this-semester-the-16th-floor-of-east-campus-has-seen-three-incidents-of-anti-semitic-vandalism/,2020-04-01,2020,news,,narrow,nazi_symbol,swastika,condemned,"n to guide the investigation into the two incidents. As of Tuesday, no disciplinary action has been taken, as administrators are still attempting to find the individuals involved, according to a Columbia College spokesperson. Before the two most recent acts of vandalism had occurred, University President Lee Bollinger had released a statement condemning anti-Semitism on Columbia’s campus. “When a swastika appears on campus, it is not just an isolated event,” he wrote. “When there is a rising anti-Semitism in this country and around the world, even a single instance of it in any context is more alarming than it might otherwise be.” While notifications of bias incidents are typically circulated to all students in Columbia College and the School of Engineering and Applied Science, this message was on"
/news/2020/02/15/anti-semitic-sinophobic-hate-crime-vandalism-found-on-floor-of-east-campus/,2020-02-15,2020,news,,narrow,nazi_symbol,swastikas,condemned," were affixed to a suite door to identify the residents living there, had been burned in late January. Although no motive has been identified, Chinese and Asian students have recently been the target of racist discrimination, including a hateful message in Butler Library, in the wake of the coronavirus outbreak, which has had the highest incidence of infection in China. On the morning of Feb. 14, swastikas were found painted on the same floor on which the name tags were burned in January, though it is unclear if the incidents are connected. The vandalism recalls two incidents, one in 2007 and one in 2018 , during which a Jewish Teachers College professor’s office was graffitied with swastikas and anti-Semitic slurs. While administrators announced the finding of the swastikas almost immediately afte"
/news/2020/02/15/anti-semitic-sinophobic-hate-crime-vandalism-found-on-floor-of-east-campus/,2020-02-15,2020,news,,narrow,nazi_symbol,swastikas,condemned,"coronavirus outbreak, which has had the highest incidence of infection in China. On the morning of Feb. 14, swastikas were found painted on the same floor on which the name tags were burned in January, though it is unclear if the incidents are connected. The vandalism recalls two incidents, one in 2007 and one in 2018 , during which a Jewish Teachers College professor’s office was graffitied with swastikas and anti-Semitic slurs. While administrators announced the finding of the swastikas almost immediately after the incident occurred, the burning of nametags had happened weeks prior to the email. The reason for the delay in the timing of the announcement was unclear. Similarly, it remained unclear why the news was delayed when a student found an anti-black slur outside her room in Carman Hall in D"
/news/2020/02/15/anti-semitic-sinophobic-hate-crime-vandalism-found-on-floor-of-east-campus/,2020-02-15,2020,news,,narrow,nazi_symbol,swastikas,condemned,"the morning of Feb. 14, swastikas were found painted on the same floor on which the name tags were burned in January, though it is unclear if the incidents are connected. The vandalism recalls two incidents, one in 2007 and one in 2018 , during which a Jewish Teachers College professor’s office was graffitied with swastikas and anti-Semitic slurs. While administrators announced the finding of the swastikas almost immediately after the incident occurred, the burning of nametags had happened weeks prior to the email. The reason for the delay in the timing of the announcement was unclear. Similarly, it remained unclear why the news was delayed when a student found an anti-black slur outside her room in Carman Hall in December 2019. The email from Residential Life denounced the vandalism and recommende"
/news/2020/02/15/anti-semitic-sinophobic-hate-crime-vandalism-found-on-floor-of-east-campus/,2020-02-15,2020,news,,narrow,nazi_symbol,swastikas,condemned,"hinese students on a suite door had been burned. While the motivations behind this incident are unclear, we understand and are concerned about its impact on the Chinese community given the recent bias directed toward Chinese, Chinese-American and other Asian students. Regardless of motivation, it goes without saying that we stand against acts of bias and racism. This morning we were notified that swastikas had been drawn on the walls of the 16th floor between two suites. This antisemitic symbol is in direct conflict with the University’s core value of inclusivity and has no place in our community. We stand strongly against antisemitism and all forms of hatred. Although the door tags have been replaced and the swastikas have been removed, we must confront the emotional impact of incidents such as th"
/news/2020/02/15/anti-semitic-sinophobic-hate-crime-vandalism-found-on-floor-of-east-campus/,2020-02-15,2020,news,,narrow,nazi_symbol,swastikas,condemned,"hat we stand against acts of bias and racism. This morning we were notified that swastikas had been drawn on the walls of the 16th floor between two suites. This antisemitic symbol is in direct conflict with the University’s core value of inclusivity and has no place in our community. We stand strongly against antisemitism and all forms of hatred. Although the door tags have been replaced and the swastikas have been removed, we must confront the emotional impact of incidents such as these, which go against the values of our community. If anyone has information about these acts, please notify your RA, report this information to Student Conduct and Community Standards or contact Public Safety . East Campus, like all of our residence halls, is a community space, open to undergraduate Columbia College "
/news/2019/12/22/federal-complaint-alleges-columbia-promotes-pervasive-and-hostile-environment-toward-jewish-students/,2019-12-22,2019,news,,ihra_ext,apartheid_genocide_framing,Israeli Apartheid,condemned," Universities found in violation of Title VI could have their federal funding withheld. Columbia currently receives almost $600 million in federal funding , the seventh-highest amount among universities in the nation. In its complaint, TLP claims that Columbia has allowed students and faculty to use the Israel-Palestine conflict to discriminate against Jewish students. Specifically, it references Israeli Apartheid Week, a series of events and discussions held by pro-Palestinian student groups on campus aimed at raising awareness around the occupation of Palestinian territories and the rights of Palestinian peoples. The complaint alleges that such events target “Jews and Israelis and promotes the hateful, unlawful boycott of Jewish individuals and Israeli businesses.” Additionally, the complaint outlines an"
/news/2019/09/26/amid-backlash-over-anti-semitism-malaysian-prime-minister-speaks-at-world-leaders-forum/,2019-09-26,2019,news,,narrow,nazi_symbol,swastikas,condemned,"the University, even publishing an op-ed in response to President Trump this June, asserting that he supported his student critics. However, Jewish students at the University have expressed concerns for their safety because of anti-Semitism in the recent past. In November 2018, a Jewish professor’s office—which was subject to anti-Semitic vandalism in an incident in 2007—was again vandalized with swastikas and slurs. Last week, Columbia Students Supporting Israel sent a letter to Bollinger asking him to either cancel the event or disclose the prime minister’s views. They also started a petition last week that garnered almost 3,500 signatures, with over 1,000 of those signatures coming in the last two days. Bollinger responded to the group with a letter that the Office of University Life later publi"
/news/2019/03/11/ccsc-votes-down-bds-referendum-by-secret-ballot-following-4-hours-of-tense-debate-2/,2019-03-11,2019,news,,ihra_ext,deny_self_determination,From the river to the sea,reported,"o vote openly … but I do recognize the validity of student concerns and I want them to know very clearly that if I thought they were in significant jeopardy … then I would not be speaking out so strongly against a secret ballot,” she said. The final announcement of the vote left students in tears of joy and distress; some students sighed in relief as others gathered outside of the room, chanting “From the river to the sea, Palestine will be free.” Correction: A previous version of this article stated that Columbia and Barnard release no information on the investments of their endowment, while in reality, limited details of investments can be found in the schools’ respective 990 forms that disclose their tax returns. Spectator regrets this error. Emma Buzbee can be contacted at emma.buzbee@columbiaspectator.com . F"
/news/2019/01/29/columbia-says-it-abides-by-federal-law-for-reporting-hate-crimes-students-and-experts-argue-that-compliance-is-not-always-enough/,2019-01-29,2019,news,,narrow,nazi_symbol,swastikas,condemned,"s a bias-related harassment incident. Earlier that month, an anonymous student in Carman Hall was targeted with anti-black vandalism , when an unknown perpetrator tore an air vent cover off the wall, marked it with an anti-black slur, and placed it outside their door. In November, the office of Elizabeth Midlarsky, a Jewish professor at Teachers College, was vandalized with anti-Semitic slurs and swastikas. However, this incident is not included in the 19 reported incidents on the Morningside campus, because Teachers College falls under a different legal jurisdiction and a different Public Safety office. Following these occurrences, the University publicly denounced hate, as well as reaffirmed its commitment to fostering an inclusive community . According to a University spokesperson, Columbia clos"
/news/2018/12/07/decades-of-discord-what-makes-the-israel-palestine-debate-uniquely-persistent-and-personal-2/,2018-12-07,2018,news,,ihra_ext,apartheid_genocide_framing,Israel Apartheid,reported,"ses, and to support students in grassroots Pro-Israel advocacy.” While JVP and SJP have close working relationships, as evidenced by their merging in 2014 to form Columbia University Apartheid Divest—a pro-Palestine group focused on supporting the BDS movement on Columbia’s campus—the pro-Israel groups remain divided over fundamental ideological differences. CUAD is most well-known for its annual Israel Apartheid Week demonstrations. “When I was president [of Aryeh], our relationship with J Street was fine. We understand we’re two different groups for a reason; we have serious political disagreements,” former Aryeh president Albert Mishaan, CC ‘19, said. “With SSI, we have a working relationship with them. … We recognize we have different visions, different ideologies, different ideas of what it means to "
/news/2018/11/29/teachers-college-professors-office-vandalized-with-anti-semitic-graffiti/,2018-11-29,2018,news,,narrow,dehumanization,Yid,condemned,"Columbia Teachers College professor’s office vandalized with swastikas, anti-Semitic slurs. Updated Nov. 29, 2018, at 1:39 p.m. The office of Jewish professor Elizabeth Midlarsky, who teaches and researches the Holocaust at Columbia Teachers College, was vandalized with swastikas and anti-Semitic slurs on Wednesday. Midlarsky found the graffiti—two swastikas alongside the derogatory term “Yid""—when she came to her office around 1 p.m. Wednesday, at which point she notified security. The graffiti was drawn in the entryway to Midlarksy’s office, which is not shared with other staff. “I was in shock,” Midlarsky said. “I stopped for a moment, because I couldn’t believe what I was seeing.” According to the NYPD, a different staff member entered the room at approximately 11:47 a.m. Wednesda"
/news/2018/11/29/teachers-college-professors-office-vandalized-with-anti-semitic-graffiti/,2018-11-29,2018,news,,narrow,nazi_symbol,swastikas,condemned,"Columbia Teachers College professor’s office vandalized with swastikas, anti-Semitic slurs. Updated Nov. 29, 2018, at 1:39 p.m. The office of Jewish professor Elizabeth Midlarsky, who teaches and researches the Holocaust at Columbia Teachers College, was vandalized with swastikas and anti-Semitic slurs on Wednesday. Midlarsky found the graffiti—two swastikas alongside the derogatory term “Yid""—when she came to her office around 1 p.m. Wednesday, at which point she n"
/news/2018/11/29/teachers-college-professors-office-vandalized-with-anti-semitic-graffiti/,2018-11-29,2018,news,,narrow,nazi_symbol,swastikas,condemned,"Columbia Teachers College professor’s office vandalized with swastikas, anti-Semitic slurs. Updated Nov. 29, 2018, at 1:39 p.m. The office of Jewish professor Elizabeth Midlarsky, who teaches and researches the Holocaust at Columbia Teachers College, was vandalized with swastikas and anti-Semitic slurs on Wednesday. Midlarsky found the graffiti—two swastikas alongside the derogatory term “Yid""—when she came to her office around 1 p.m. Wednesday, at which point she notified security. The graffiti was drawn in the entryway to Midlarksy’s office, which is not shared with other staff. “I was in shock,” Midlarsky said. “I stopped for a moment, because I couldn’t believe what I"
/news/2018/11/29/teachers-college-professors-office-vandalized-with-anti-semitic-graffiti/,2018-11-29,2018,news,,narrow,nazi_symbol,swastikas,condemned,"Columbia Teachers College professor’s office vandalized with swastikas, anti-Semitic slurs. Updated Nov. 29, 2018, at 1:39 p.m. The office of Jewish professor Elizabeth Midlarsky, who teaches and researches the Holocaust at Columbia Teachers College, was vandalized with swastikas and anti-Semitic slurs on Wednesday. Midlarsky found the graffiti—two swastikas alongside the derogatory term “Yid""—when she came to her office around 1 p.m. Wednesday, at which point she notified security. The graffiti was drawn in the entryway to Midlarksy’s office, which is not shared with other staff. “I was in shock,” Midlarsky said. “I stopped for a moment, because I couldn’t believe what I was seeing.” According to the NYPD, a different staff member entered the room a"
/news/2018/11/29/teachers-college-professors-office-vandalized-with-anti-semitic-graffiti/,2018-11-29,2018,news,,narrow,nazi_symbol,swastika,condemned,"dnesday and did not observe anything unusual at that time. The incident remains under active investigation by the NYPD Hate Crimes Task Force and is being treated as an aggravated harassment. All Teachers College academic buildings require ID for entry , either from Teachers College, Columbia, Barnard, or other affiliated schools. Midlarsky’s office had previously been vandalized in 2007 , when a swastika was spray-painted on her door and anti-Semitic flyers left in her mailbox. According to Midlarsky, this prior incident was “horrifying but not surprising” due to her “relatively visible status as a Jew” at the time, citing her numerous published papers and articles on subjects related to the Holocaust. However, Midlarsky, attributed this second incident to a broader national rise in anti-Semitic "
/news/2018/11/29/teachers-college-professors-office-vandalized-with-anti-semitic-graffiti/,2018-11-29,2018,news,,narrow,nazi_symbol,swastikas,condemned,"g strongly denouncing the anti-Semitic act and showing support for Jewish students. A Teachers College spokesperson was unable to comment on the specifics of the incident but provided a statement made by Teachers College president Thomas Bailey. Read the full statement below: ""To the TC Community: As you may already have heard, the office of a Teachers College faculty member has been defaced with swastikas. We unequivocally condemn any expression of hatred, which has no place in our society. We are outraged and horrified by this act of aggression and use of this vile anti-Semitic symbol against a valued member of our community. Please rest assured that we are working with police to discover the perpetrator of this hateful act. I also want to reaffirm the College’s commitment – and my own – to provi"
/news/2018/03/20/push-for-divestment-from-israel-met-with-resistance-at-sga-meeting/,2018-03-20,2018,news,,ihra_ext,apartheid_genocide_framing,Israeli apartheid,condemned,"you defended … clear anti-semitic tweets,” said Aaron Liberman, CC ’19. “So why do you feel Jews, all the people you see here, who are actually marginalized, don’t fit into your intersectional section?” University Senator Kira Dennis, BC ’19, recalled CUAD’s request to Columbia College Student Council last year to co-sponsor Apartheid Week, which consists of events that seek to raise awareness of Israeli apartheid. As CCSC denied this request, citing that it made some students feel unsafe or marginalized, Dennis similarly questioned why SGA would choose to write a letter that does not represent the entire student body. Issa responded by saying that she believes that economic divestment from Israel is the only way to ensure that no students on campus are marginalized. Following the meeting, SGA voted during"
/news/2017/02/28/israeli-apartheid-week-draws-polarized-response-as-ccsc-declines-sponsorship/,2017-02-28,2017,news,,ihra_ext,apartheid_genocide_framing,Israeli Apartheid,condemned,"Israeli Apartheid Week draws polarized response as CCSC declines sponsorship. CU Apartheid Divest’s annual Israeli Apartheid Week kicked off on Monday with a forum on the policies and history of Israel’s government. Titled “Zionists are Racist,” the event was attended by an enthusiastic but divided crowd that was repeatedly interrupted. Controversy over the event and Israeli Apartheid Week first erupted even befor"
/news/2017/02/28/israeli-apartheid-week-draws-polarized-response-as-ccsc-declines-sponsorship/,2017-02-28,2017,news,,ihra_ext,apartheid_genocide_framing,Israeli Apartheid,condemned,"Israeli Apartheid Week draws polarized response as CCSC declines sponsorship. CU Apartheid Divest’s annual Israeli Apartheid Week kicked off on Monday with a forum on the policies and history of Israel’s government. Titled “Zionists are Racist,” the event was attended by an enthusiastic but divided crowd that was repeatedly interrupted. Controversy over the event and Israeli Apartheid Week first erupted even before the week began. At a Columbia College Student Council meeting on Sunday night, the council held a protrac"
/news/2017/02/28/israeli-apartheid-week-draws-polarized-response-as-ccsc-declines-sponsorship/,2017-02-28,2017,news,,ihra_ext,apartheid_genocide_framing,Israeli Apartheid,condemned,"Israeli Apartheid Week draws polarized response as CCSC declines sponsorship. CU Apartheid Divest’s annual Israeli Apartheid Week kicked off on Monday with a forum on the policies and history of Israel’s government. Titled “Zionists are Racist,” the event was attended by an enthusiastic but divided crowd that was repeatedly interrupted. Controversy over the event and Israeli Apartheid Week first erupted even before the week began. At a Columbia College Student Council meeting on Sunday night, the council held a protracted debate over a request by Columbia University Apartheid Divest for CCSC to co-sponsor the weeklong series of events. The request brought a large crowd and extensive discussion over student government’s role in political and controversial events on campus in ge"
/news/2017/02/14/israeli-un-ambassador-danny-danon-speaks-at-columbia-amid-student-protests/,2017-02-14,2017,news,,ihra_ext,deny_self_determination,From the river to the sea,reported,"hen you come to the U.N. you think that they don’t have any other excuse in the world. Everything is focused only on Israel,” Danon said. “It is not about what Israel is willing to do or not. It is about finding a viable partner.” Danon was interrupted seven times by protesters in the audience. Protesters stood and chanted phrases such as, “From Palestine to Mexico, border walls have got to go,” “From the river to the sea, Palestine will be free,” and “From Standing Rock to Palestine, occupation is not right,” while holding signs reading similar statements. The final group, which included Jacobs, left the room with a large banner that read, “Boycott Israel.” As the protesters chanted, audience members booed. One shouted, “You are not welcome,” while another said, “Thank you for leaving.” Danon engaged with protest"
/city-news/2026/09/29/hundreds-march-through-midtown-for-netanyahus-un-speech-protest-supported-by-columbia-groups/,2026-09-30,2026,news,,ihra_ext,apartheid_genocide_framing,genocide in Gaza,reported,"unity—marched through Midtown Manhattan last Thursday to protest Israeli Prime Minister Benjamin Netanyahu’s appearance in New York City for the 81st U.N. General Assembly. Organized by the Palestinian Youth Movement, five pro-Palestinian groups at Columbia made a joint Instagram post Wednesday night calling on Columbia students to protest Netanyahu, whom they called “the architect of the ongoing genocide in Gaza and rapid annexation of the West Bank.” Hundreds of pro-Palestinian demonstrators assembled on the stairs and sidewalks surrounding the New York City Public Library in Bryant Park Thursday afternoon, beating drums between chants of “War criminals aren’t welcome here” and “Palestine will live forever,” before marching eastward along 42nd Street. After a short pause at 3rd Avenue for a speech, the "
/news/2026/09/14/shay-orentlicher-cc-26-leaves-legacy-of-jewish-pro-palestinian-activism-at-columbia/,2026-09-15,2026,news,,ihra_ext,zionism_is_racism,Zionism is racism,condemned,"ly, they said they lacked the tools to think critically about their engagement with Israel until they entered a secular high school where they befriended Palestinian students. “I was confronted with people who I knew were thoughtful and kind and smart, and people who I valued having in my class and considered friends who I think felt the same way about me,” Orentlicher said. “And they would say, ‘Zionism is racism.’” High school is also where Orentlicher discovered their queer identity and first began working in social advocacy, an interest that, in part, led them to Columbia, which they thought of as having a “social justice reputation.” [Read more: What makes Columbia the ‘activist Ivy’? ] Two months after arriving in Morningside Heights in 2022, Orentlicher helped organize an on-campus protest by queer "
/opinion/2025/10/31/fascism-is-not-a-looming-threat-it-is-upon-us-now/,2025-10-31,2025,opinion,,ihra_ext,apartheid_genocide_framing,genocide in Gaza,unattributed," Kings Day showed our numbers. Now we must take this higher, from periodic protests to unrelenting nonviolent protest that demands the regime go now . We will not wait for a future election that the regime is already working to subvert, and we will not stop until our demand is met. Over a year ago, students at Columbia, acting with courage and conviction, galvanized a student movement against the genocide in Gaza. The whole world was watching. Now, in 2025, the world continues to look on. Will they see Columbia rise up to stop America from sliding into fascism? Columbia students, faculty, administrators, and staff: Organize your campus to get to Washington on November 5. Fill the bus that will be leaving from Harlem . Commit to join this mobilization, come early if you can to volunteer, and stay as long a"
/opinion/2025/07/22/no-zionism-doesnt-mean-whatever-you-say-it-does/,2025-07-22,2025,opinion,,narrow,conspiracy_control,Zionist discourse: conspiracy theories about Zionist control of global politics,condemned,"ave been dismissed as “reckless criticism and propaganda.” This is not a debate over policy. It is the construction of a social order in which Jewish identities that include Israel and Zionism are marked for exclusion. To ignore these implications is to deny the experiences of countless Jewish students across the country. To his credit, the author acknowledges one form of antisemitism within anti-Zionist discourse: conspiracy theories about Zionist control of global politics. That is indeed a problem, and he is right to name it. But it is far from the only one. What the piece refuses to acknowledge is the deeper structural antisemitism embedded in the logic and implications of anti-Zionism itself—its demand for Jewish disempowerment, its obsessive double standards, and its refusal to recognize the legitimacy of Jewish identity and historical experience. It singles ou"
/opinion/2025/07/08/anti-zionism-versus-antisemitism-a-primer/,2025-07-08,2025,opinion,,narrow,conspiracy_control,Jewish conspiracy,condemned," you mean that killing or expelling 7.2 million Jews is “legitimate” because of where they were born, then be honest that human rights are not your goal. That is, in fact, fascism. Because antisemitism does creep into criticisms of Israel. Usually, with the ancient trope of “behind-the-scenes” control. As per the Jerusalem Declaration : “What is particular in classic antisemitism is the idea of a Jewish conspiracy in which ‘the Jews’ possess hidden power that they use to promote their own collective agenda at the expense of other people.” This thinking, like anti-Blackness, is part of the foundation of Christian-majority societies. It permeates the political spectrum, from white supremacists blaming “ Globalists ” for poverty to lefties blaming “Jewish bankers” for inequality. This is not new, as Hannah Ar"
/opinion/2025/07/08/anti-zionism-versus-antisemitism-a-primer/,2025-07-08,2025,opinion,,narrow,conspiracy_control,Jews or “Zionists” “control” U.S. policy,condemned,"reasons. We don’t need to invoke “Jewish money.” Again, none of this “justifies” Israel’s real and horrific crimes—I’m not asking you to look away. I’m saying that Israel doesn’t have a unique relationship with the United States. This is a subtle but essential point: There is nothing antisemitic with opposing U.S. funds to the IDF. I certainly do. But inverting this relationship and claiming that Jews or “Zionists” “control” U.S. policy is the most classic of antisemitic tropes. This is a variation on the millennia-old lie that “Jews run the world.” It is chilling to hear it repeated among academics. And it only distracts from the Palestinian plight. Can we remember empathy? Let’s talk about concrete actions that improve people’s actual lives. Let’s help our students instead of throwing them under the bus. Why don’t we skip the "
/opinion/2025/07/08/anti-zionism-versus-antisemitism-a-primer/,2025-07-08,2025,opinion,,narrow,conspiracy_control,Jews run the world,condemned,"o look away. I’m saying that Israel doesn’t have a unique relationship with the United States. This is a subtle but essential point: There is nothing antisemitic with opposing U.S. funds to the IDF. I certainly do. But inverting this relationship and claiming that Jews or “Zionists” “control” U.S. policy is the most classic of antisemitic tropes. This is a variation on the millennia-old lie that “Jews run the world.” It is chilling to hear it repeated among academics. And it only distracts from the Palestinian plight. Can we remember empathy? Let’s talk about concrete actions that improve people’s actual lives. Let’s help our students instead of throwing them under the bus. Why don’t we skip the word games? Roí Ankori-Karlinsky, GSAS ’ 24, is a queer musician, human rights activist, and ecologist from Jerus"
/opinion/2025/07/08/anti-zionism-versus-antisemitism-a-primer/,2025-07-08,2025,opinion,,narrow,nazi_symbol,swastikas,unattributed," worth its salt. The “pro-Israel” advocates trying to ban protests have only exacerbated the situation . This was predictable: Squashing dissent only leads to escalation. The unlawful arrests of Mahmoud Khalil and Mohsen Mahdawi perfectly encapsulate this hypocrisy. The fact some on this campus justified arresting students without charges is atrocious: People fly Confederate flags and openly wear swastikas every week without legal ramifications. Second, I would like to say to the students who have been protesting against Israel: I hear you. I know some students here have lost family in Gaza to the AI-directed Israel Defense Forces bombs . Seeing your own teachers “justify” it is beyond painful. I am an Israeli citizen, but there is no defending my government’s destruction of Gaza, the military apar"
/opinion/2025/07/08/anti-zionism-versus-antisemitism-a-primer/,2025-07-08,2025,opinion,,ihra_ext,deny_self_determination,From the river to the sea,condemned,"Anti-Zionism versus antisemitism: A primer. When does criticism of the state of Israel become camouflage for Jew hate? That seems to be the question animating a lot of antipathy on this campus over the last two years. Endless slogans have been thrown around—“Never again is now,” “From the river to the sea,” etc. Their vagueness is frustrating but expected: Students are cutting their teeth on activism. What has been disturbing is seeing professors and administrators stoop to sloganeering. A painful example, as professor Robert Newton wrote here , is those WhatsApp groups where our colleagues report students to Immigration and Customs Enforcement based on perceived hate speech. Academics are tasked "
/opinion/2025/04/27/shma-koleinu-a-joint-message-from-jews-of-columbia-across-the-ideological-spectrum/,2025-04-28,2025,opinion,,narrow,holocaust_denial,Holocaust denial,condemned,"h students by those who claim to care about our well-being. We watched as neo-Nazis cheered on an unelected government official, believing he had performed the Nazi salute. Whether the gesture was intended or not, this unelected oligarch treated the ordeal as a joke . Instead of apologizing for his behavior, he used his own social media site to make a mockery of Jewish trauma, further emboldening Holocaust denial and antisemitism. When the president of the United States weaponized the language of our faith to fit his political agenda, posting “ Shalom Columbia ” and “ Shalom Mahmoud ,” he demonstrated that he never learned the most fundamental Hebrew school lesson: Shalom means peace. If those in power desire to protect Jewish students, they must recognize that we are a diverse community of all colors and"
/opinion/2025/04/03/what-principles-guide-columbia/,2025-04-03,2025,opinion,,ihra_ext,apartheid_genocide_framing,genocide in Gaza,unattributed,"ince is a consequence of normalizing the dehumanization of the Palestinian people. Now more than ever, it is crucial that we not only stand firm on this line, but push this line further and rise to the stakes of the moment. Solidarity necessitates more than statements and petitions; it demands action. As Columbia becomes a crucial battleground of state repression, it cannot be lost on us that the genocide in Gaza has now resumed in full force . What value do our classes about decolonial theory, politics, and history have if, when the time comes, we cannot mobilize action? What merits do our departments and professors have when they continue to teach as our peers are kidnapped by Immigration and Customs Enforcement? We must reject business as usual during a genocide. We must stand together—not for Columbia"
/opinion/2025/03/30/what-columbia-stands-for/,2025-03-31,2025,opinion,,ihra_ext,deny_self_determination,Zionist entity,condemned,"nd sending Immigration and Customs Enforcement to our campus are just opening moves. It is bitterly ironic that the Trump administration’s attack has drawn sympathy and justification from voices on our campus. Small, yet vocal factions within our community, and others from outside, have made it their goal to disrupt and dismantle our University. Some tell a story about Columbia as a slavishly pro-Zionist entity that denies the humanity of Palestinians, charging the University with having blood on its hands, while others depict Columbia as a nefarious antisemitic entity that denies the humanity of the Jewish people, parading the school’s purported antisemitism before an audience of hungry politicians and click-motivated media outlets. Indisputably, both sides would argue their perspectives from evidence;"
/opinion/2025/01/23/columbia-university-irving-medical-center-is-complicit-too/,2025-01-23,2025,opinion,,ihra_ext,apartheid_genocide_framing,Genocide in Gaza,reported,"ormed the event organizers that use of Columbia’s name, imagery, or Zoom accounts was forbidden. Organizers were also instructed to refrain from acknowledging the remaining official sponsor of the event. The panel was held despite these pressures and drew an audience of more than 100 individuals. A similar incident occurred in October 2024, when a student-led group organized an event, “Witnessing Genocide in Gaza: Testimonies from 5 Healthcare Workers,” sponsored by the Global Health Organization at Columbia University Irving Medical Center. The event featured American health care workers who volunteered in Gaza and documented their experiences in a widely read New York Times opinion article . After flyers were posted on campus, organizers were informed they could only advertise virtually due to unspecifi"
/opinion/2024/12/01/student-protesters-are-people-not-exhibits/,2024-12-01,2024,opinion,,ihra_ext,apartheid_genocide_framing,genocide in Gaza,unattributed," traffic as outside press was limited and campus access heavily restricted . Broadway became a media frenzy as TV cameras lined the street and reporters darted after students in keffiyehs, hoping to get a newsworthy soundbite. I found myself giving interviews, talking about my experiences as a Palestinian student and why I believed Columbia should divest from companies that profit off the ongoing genocide in Gaza. When talking to reporters, I realized that legacy publications—such as The Atlantic—seemed committed to either misrepresenting my words or not quoting me at all . This was little surprise, as historically, Palestinian viewpoints are rarely included in legacy media outlets. Due to systematic misrepresentation from mainstream media, student protesters turned to campus media outlets such as Spectat"
/opinion/2024/10/30/on-effectively-using-your-voice-in-this-election/,2024-10-30,2024,opinion,,ihra_ext,apartheid_genocide_framing,genocide in Gaza,unattributed,"ngratulations—vote with pride! But if you are one of the many Columbia students feeling disenchanted by the idea of casting your vote in the 2024 presidential election, then it’s time to think about the wide range of causes you believe in. The gated bubble in which we learn and live can make it easy to focus entirely on a single political issue—whether that’s the economy, immigration, the ongoing genocide in Gaza, or anything else that affects us as community-minded students — and it can, in turn, feel liberating to turn against politicians who don’t agree with us on those singular issues. But how can we claim that our struggles are interwoven while abandoning all other necessary causes with our votes? If you don’t feel you can vote for a candidate who doesn’t align with your beliefs on your top issue, th"
/opinion/2024/10/19/recentering-palestine-reclaiming-the-movement/,2024-10-19,2024,opinion,,ihra_ext,apartheid_genocide_framing,Israeli apartheid,unattributed," of this context. Bearing this in mind, as Palestinian student organizers, we ask you to join us in shifting the discourse back to divestment. By recentering Palestine, we reignite pressure against the University to halt its complicity in the eradication of the Palestinian people. If we matter to Columbia, then the University must: 1. Divest from companies and weapons manufacturers profiting from Israeli apartheid and genocide, noting that 76.55 percent of participating Columbia College students , 74.52 percent of participating School of Engineering and Applied Science students , and 90.99 percent of participating Barnard students voted in favor during 2024 referenda. 2. Cancel the opening of the Tel Aviv Global Center, given that Palestinian affiliates of Columbia would be restricted from access to this p"
/opinion/2024/08/25/welcome-to-the-peoples-university-for-palestine/,2024-08-25,2024,opinion,,ihra_ext,deny_self_determination,Zionist entity,unattributed,"left in Gaza. Almost all hospitals have been destroyed, and polio has been detected for the first time in 25 years. There are no safe places in Gaza, and with constantly changing evacuation orders, evacuation is dangerous, costly, and heavily restricted. Despite unrelenting war crimes, the international community has been largely silent, if not complicit in the genocide. The goal of “Israel,” the Zionist entity, is to ethnically cleanse Palestinians from their land. Palestinians are resilient, and Gaza will rebuild, but those of us living in the heart of American imperialism must do our part to end this genocide. Therefore, we are a coalition of over 100 student organizations working toward achieving a liberated Palestine and the end of Israeli apartheid and genocide by urging Columbia to divest all eco"
/opinion/2024/08/25/welcome-to-the-peoples-university-for-palestine/,2024-08-25,2024,opinion,,ihra_ext,deny_self_determination,Zionist entity,unattributed," or passed equivalent resolutions: 90.99 percent of Barnard voters and 76.55 percent of Columbia College voters are in favor of financial divestment from “Israel.” On April 29, former University President Minouche Shafik explicitly declared that “the University will not divest from Israel” against the popular will of the University community. Columbia will not be allowed to ignore our voices. The Zionist entity, using university funds from across the nation, has murdered tens of thousands of Palestinians. Columbia must divest now. We must turn our votes into action today. Columbia will divest, and we want YOU to join our fight. We demand: Financial divestment: Divest all of Columbia’s finances, including the endowment, from companies and institutions that profit from Israeli apartheid, genocide, and occ"
/opinion/2024/08/25/welcome-to-the-peoples-university-for-palestine/,2024-08-25,2024,opinion,,ihra_ext,apartheid_genocide_framing,Israeli apartheid,unattributed,"complicit in the genocide. The goal of “Israel,” the Zionist entity, is to ethnically cleanse Palestinians from their land. Palestinians are resilient, and Gaza will rebuild, but those of us living in the heart of American imperialism must do our part to end this genocide. Therefore, we are a coalition of over 100 student organizations working toward achieving a liberated Palestine and the end of Israeli apartheid and genocide by urging Columbia to divest all economic and academic stakes in “Israel.” Our fight for divestment is ongoing, and we will neither stop nor rest until Columbia divests from death-making institutions and practices and reinvests in reparations and community. In spring 2024, multiple Columbia schools overwhelmingly voted for financial and academic divestment from “Israel” or passed equ"
/opinion/2024/08/25/welcome-to-the-peoples-university-for-palestine/,2024-08-25,2024,opinion,,ihra_ext,apartheid_genocide_framing,Israeli apartheid,unattributed,"gnore our voices. The Zionist entity, using university funds from across the nation, has murdered tens of thousands of Palestinians. Columbia must divest now. We must turn our votes into action today. Columbia will divest, and we want YOU to join our fight. We demand: Financial divestment: Divest all of Columbia’s finances, including the endowment, from companies and institutions that profit from Israeli apartheid, genocide, and occupation in Palestine. Ensure accountability by increasing transparency around financial investments. Academic boycott: Sever academic ties to Israel, including the Tel Aviv Global Center, the dual degree program with Tel Aviv University, and all study-abroad programs, fellowships, and research collaborations with Israeli academic institutions. Stop the displacement: No land grab"
/opinion/2024/08/25/welcome-to-the-peoples-university-for-palestine/,2024-08-25,2024,opinion,,ihra_ext,apartheid_genocide_framing,Israeli apartheid,unattributed,"e Uptown4Palestine, Within Our Lifetime, Students for Justice in Palestine at City College of New York, and We The People. These groups experience Columbia’s tirade over the community firsthand, which is directly linked to the crisis of displacement and land grabs in Palestine. Our struggles are intertwined; here at Columbia our tuition dollars fund the capitalization of Harlem and investments in Israeli apartheid. Together, however, we know we are stronger than the institution that seeks to suppress us. Columbia University Apartheid Divest is a coalition of student organizations that see Palestine as the vanguard for our collective liberation. Contact columbiaapartheiddivest@proton.me if your student organization is interested in joining us. To respond to this op-ed, or to submit your own, contact opinion"
/opinion/2024/08/25/on-being-jewish-at-columbia/,2024-08-25,2024,opinion,,ihra_ext,deny_self_determination,from the river to the sea,unattributed,"n urgent need to follow in the Jewish tradition of fighting for justice and liberation, despite the fact many modern Jewish institutions—as well as Columbia itself —are complicit in the occupation of Palestine and the ongoing Nakba . Our participation in the Gaza Solidarity Encampment was part of our commitment to standing with Palestinians against genocide and fighting for a liberated Palestine, from the river to the sea. For many members, it was also a sacred experience. For those like us, disillusioned with many mainstream Jewish institutions’ unconditional embrace of Zionism, an ideology we believe is fundamentally violent and oppressive, we hope JVP can be a home for you. JVP is a place for anti-Zionist Jews to practice our faith on our own terms, to find an affirming community with people who share our value"
/opinion/2024/07/19/complicity-will-not-protect-you/,2024-07-19,2024,opinion,,ihra_ext,deny_self_determination,Zionist entity,condemned,"o sent the email suspending Columbia’s chapters of Jewish Voice for Peace and Students for Justice in Palestine last fall. She and the other terminated deans were active perpetrators of Columbia’s repression of Zionist critique and Palestinian voices, before ironically being crushed in the cogs of the machine they helped forge. These administrators, who spinelessly capitulated to the whims of the Zionist entity, have proven that even the most complacent of bureaucrats are not safe from Columbia’s repression. Those in power are somehow always surprised when the machines of oppression they build turn on them. While the New York War Crimes reports on the deans’ text messages , major media outlets ignore the multiple other faculty members and staff who have been fired and the many students still suspended, "
/opinion/2024/07/19/complicity-will-not-protect-you/,2024-07-19,2024,opinion,,ihra_ext,deny_self_determination,Zionist entity,condemned,"ile the New York War Crimes reports on the deans’ text messages , major media outlets ignore the multiple other faculty members and staff who have been fired and the many students still suspended, facing expulsion, or otherwise being disciplined by the University for protesting its complicity in genocide. Where is the uproar for professor Mohamed Abdou , who was fired for speaking out against the Zionist entity and its genocidal campaign? We must not let the public’s morbid obsession with the tragedies of the elite overshadow the months of repression students and staff faced, and certainly not distract us as a genocide continues to unfold. As institutions like Columbia shield the Zionist entity from critique with the help of deans like the three just dismissed, the IOF continues to murder Palestinians w"
/opinion/2024/07/19/complicity-will-not-protect-you/,2024-07-19,2024,opinion,,ihra_ext,deny_self_determination,Zionist entity,condemned,"city in genocide. Where is the uproar for professor Mohamed Abdou , who was fired for speaking out against the Zionist entity and its genocidal campaign? We must not let the public’s morbid obsession with the tragedies of the elite overshadow the months of repression students and staff faced, and certainly not distract us as a genocide continues to unfold. As institutions like Columbia shield the Zionist entity from critique with the help of deans like the three just dismissed, the IOF continues to murder Palestinians with impunity. As published by The Lancet on July 5, the estimated death toll in Gaza is currently 186,000 people, accounting for 7.9 percent of the population. While, as campus organizers, we are used to the weaponization of false allegations of antisemitism against Palestinians and their"
/opinion/2024/07/19/complicity-will-not-protect-you/,2024-07-19,2024,opinion,,ihra_ext,deny_self_determination,Zionist entity,condemned,"s acknowledged the existence of anti-Zionist Jewish students on our campus, much less our lack of resources and support. But it was Dean Kromm herself who informed JVP of our suspension, has attempted to deny us access to our religious and cultural needs, and executed campaigns of student surveillance and discipline. She has championed ideals of “dialogue” and normalization , known tactics of the Zionist entity used to distract from and minimize occupation, apartheid, and genocide. In a December meeting with members of JVP, after attempting to shut down our Hanukkah celebration, Dean Kromm advised us to remain quiet, complacent, and rule-abiding. Unfortunately, this strategy did not prevent her from losing her job. Since October, Columbia has sent countless emails about alleged antisemitism at Columbia,"
/opinion/2024/07/19/complicity-will-not-protect-you/,2024-07-19,2024,opinion,,ihra_ext,deny_self_determination,Zionist entity,condemned," their positions to reject Columbia’s campaign of repression—not in private text messages, but in open statements and direct actions. Reverse the suspensions, drop all ongoing disciplinary cases against protesters, and join the fight against Columbia’s expansion into Harlem and investment in the genocide of the Palestinian people. Our ever-growing community of anti-Zionist Jews is a threat to the Zionist entity and an inconvenience to Columbia. When we, the intended beneficiaries of Zionism, stand arm-in-arm with our Palestinian siblings against the forces of genocide, the false narrative of “the new antisemitism” shatters. Those with power must continue to weaponize their privilege and fight back against those who use theirs to oppress. Regimes of oppression cannot stand without their bureaucrats and p"
/opinion/2024/06/29/what-should-be-the-limits-of-free-speech-on-campus/,2024-06-29,2024,opinion,,ihra_ext,deny_self_determination,From the river to the sea,reported,"nts (incidents eight to 13, 15, and 17). Some of these incidents (e.g. eight or nine) are horrifying and lie beyond what even a strict interpretation of free speech rights would permit. We debated other statements without reaching an agreement. We unfortunately could not find consensus, for example, whether calling for “intifada” or the chants “Brick by brick, wall by wall, Israel will fall” and “From the river to the sea, Palestine will be free” should be considered acceptable. For all three, there are plausible benign interpretations. For example, some see the river to the sea chant as a call for a one-state solution in which Jews—at least, those who choose to remain in the region—and Arabs would coexist peacefully. Others, however, believe in a more malign interpretation according to which the chant calls for t"
/opinion/2024/06/19/both-sides-must-put-themselves-in-the-others-shoes/,2024-06-19,2024,opinion,,ihra_ext,deny_self_determination,from the river to the sea,condemned,"ly have joined one of the terror organizations, as he called them. Jewish students need to ask themselves what it means to tell a Palestinian that on pain of being considered an antisemite (per the International Holocaust Remembrance Alliance’s definition ) they cannot single out Zionism for special condemnation; they cannot call for an intifada against it; and they cannot imagine a future where “from the river to the sea, Palestine will be free.” Don’t Palestinians have a “right to self-determination in their historic homeland”? And how else would they assert it, let alone scream their anguish when upwards of 30,000 Palestinians are now dead in Gaza , many of them women and children . By the same token, pro-Palestinian protesters on campus need to examine the meaning of their slogans, not for antisemitism, but fo"
/opinion/2024/06/19/both-sides-must-put-themselves-in-the-others-shoes/,2024-06-19,2024,opinion,,ihra_ext,deny_self_determination,from the river to the sea,condemned,"he Zionist settlement of Palestine can be compared to other forms of settler colonialism. There is an inescapable element of truth in the comparison. But where would these colonizers go if the land was returned to the indigenous? “U.S., get out of Vietnam!” or “China, hands off Tibet!” are simple formulas. “Israel, get out of Palestine!” is a logical contradiction. I have previously written that “from the river to the sea” is not an antisemitic phrase, and I stand by this assessment, but it is incumbent on the protesters to clarify what they mean by such a formula. When they don’t, it is by now patently clear that they reap the harvest of fears they sow. “The victims of the victims.” Said, a literary scholar, knew full well that he was sketching the dramatic formula of a tragedy: “The Zionist-Israeli official narr"
/opinion/2024/06/19/both-sides-must-put-themselves-in-the-others-shoes/,2024-06-19,2024,opinion,,ihra_ext,zionism_is_racism,Zionism is settler colonial,reported,"is hall of mirrors was indicated a quarter century ago by Columbia’s own Edward Said. In 1999, he wrote that Palestinians are asked “to forget and renounce our history of loss, dispossessed by the very people who taught everyone the importance of not forgetting the past. Thus we are the victims of the victims, the refugees of the refugees.” Said’s formula confounds the terms of the two equations: Zionism is settler colonialism because it is an assertion of a persecuted people’s right to self-determination; Zionism is a core tenet of Jewish identity by virtue of victimizing another people. Said’s formula is not a soothing equation. “The victims of the victims” is a troubling inequality, a veritable greater than sign. But it reflected his determination to read “Palestinian and Jewish history together,” and not separat"
/opinion/2024/05/16/the-palestine-exception/,2024-05-16,2024,opinion,,ihra_ext,deny_self_determination,from the river to the sea,condemned,"esters, including those espousing hate-filled racist, sexist, and antisemitic rhetoric and violence. This precarious campus climate follows, and in significant ways precedes, Shafik’s April 17 testimony before the House Committee on Education and the Workforce, in which she publicly sanctioned individual faculty members for statements taken out of context and condemned the use of phrases such as “from the river to the sea,” which possess complex histories deserving of debate in an academic setting. The University has promoted the notion that “outside agitators” are fueling the crisis on campus. Ironically, we agree: Legislators, riot police, and others who have repeatedly attempted to stifle discussion on the dire situation in Gaza are creating a crisis on our campus, fully eroding liberal education and robust deb"
/opinion/2024/05/16/the-palestine-exception/,2024-05-16,2024,opinion,,ihra_ext,apartheid_genocide_framing,genocide in Gaza,condemned,"llege, and Columbia University have organized in opposition to Israel’s relentless bombing of and denial of food and medical aid to the people of Gaza. In addition to a ceasefire, they have demanded that the University disclose its economic dealings with Israel and divest from companies doing business in Israel. Rather than applaud students for their moral courage in speaking up about the ongoing genocide in Gaza, the University has responded by shutting down debate: suspending student organizations, surveilling and disciplining individual students, locking down campus and monitoring Columbia ID card holders’ movement, inviting the NYPD onto campus and into the surrounding neighborhood, altering campus policies and protocols, unilaterally canceling events, removing departmental statements from websites, a"
/opinion/2024/05/16/the-palestine-exception/,2024-05-16,2024,opinion,,ihra_ext,apartheid_genocide_framing,genocide in Gaza,condemned,"y of whom are Jewish—strongly condemn antisemitism. After months of facing escalating discipline, students constructed a “Gaza Solidarity Encampment” on the east side of South Lawn at Columbia’s Morningside campus in the early hours of April 17, demanding the disclosure of institutional investments and divestment from corporations directly or indirectly profiting from or implicated in the ongoing genocide in Gaza and violence throughout Palestine. On April 18, Barnard and Columbia suspended students and summoned the NYPD. The NYPD’s Strategic Response Group for counterterrorism and policing protest arrived in riot gear and arrested 108 students under the charge of “trespassing.” The NYPD chief stated publicly that the students were peaceful and that any “clear and present danger” was identified by the Uni"
/opinion/2024/05/12/love-letter-to-barnard-and-columbia-protesters-from-a-class-of-1978-protester/,2024-05-13,2024,opinion,,ihra_ext,apartheid_genocide_framing,genocide in Gaza,unattributed,"ds are twisted, and you are used as pawns by a dysfunctional political system in Washington pushing to preserve the status quo. I am so proud of what you are doing and see that you are being met with support and enthusiasm from students, people, and faculty from around the world. I am saddened that the administration has not supported your right to speak up in support of Palestine and against the genocide in Gaza, but I hope you are able to see and feel the worldwide support and love. You probably came to college believing, as I did, that you selected a university that believed in equality and cherished your right to speak in favor of what you believe in; an institution that thought the best way to solve problems and educate students was to allow them to speak their minds and engage in dialogue; a univers"
/opinion/2024/04/17/president-shafik-already-persecutes-pro-palestinian-students-will-that-be-enough-for-congress/,2024-04-17,2024,opinion,,narrow,nazi_symbol,swastika,condemned," without a tool, is illegal in New York City . Columbia’s double standard extends to its announcements. Since October 7, the school to which I once felt I belonged has never once issued a statement specifically naming or disavowing any of the hatred leveled against Palestinian students or those who identify with our cause. An incident of harassment against a Jewish student at the Law School and a swastika painted in the International Affairs Building both received the scathing condemnations they deserved by Deans Lester and Yarhi-Milo, but the best that the University could muster in its one and only acknowledgment of harm against pro-Palestinian affiliates all year was to vaguely refer to the “safety of every single member of the community.” When students wrote various pro-Palestinian messages su"
/opinion/2024/04/17/what-i-wish-president-shafik-would-tell-congress/,2024-04-17,2024,opinion,,ihra_ext,deny_self_determination,from the river to the sea,condemned,"manent ceasefire and an end to the Israeli occupation may cause others discomfort. But outrage at Israel’s siege of Gaza cannot be mislabeled as antisemitism. Quite the opposite, pro-Palestinian student speakers at Columbia have made a point of denouncing all hate speech, valiantly and eloquently. It may be difficult for proponents of Israel’s expanding occupation to hear the words “intifada” or “from the river to the sea.” Some Jewish activists who support Palestinians’ struggle for justice share this discomfort. But there is wide disagreement about those words, and Columbia’s core mission is to encourage even the most difficult exchange of ideas without censorship or fear of retaliation. In my view, Chairwoman Foxx, this committee’s attempt to define pro-Palestinian activism as antisemitism and demonize higher e"
/opinion/2024/04/16/on-the-un-jews-of-columbia/,2024-04-17,2024,opinion,,narrow,nazi_symbol,blood libel,condemned,"ability of the Zionist philosophy. As Jews, many of us were raised in the same environments as our Zionist peers. We were taught the same love for Israel, and, more importantly, the same history of pervasive antisemitism. Many of us have family in Israel, grew up alongside Israelis in our home countries, and have been to Israel. We know the ins and outs of the Shoah, of pogroms, of the Farhud, of blood libel, of modern neo-Nazism. Yet when we were confronted with the reality of what is happening in Palestine— of what is being done in the name of our safety—we were able to see the truth. We cannot be persuaded away from Palestine by being told the “Jewish perspective” because we live the Jewish perspective. We are “un-Jews” because the other possibility—the reality—is too threatening for them to face."
/opinion/2024/04/02/why-do-jews-tend-to-support-zionism/,2024-04-02,2024,opinion,,ihra_ext,deny_self_determination,Israel should not exist,unattributed,"lestine . Most importantly, however, many Zionists would agree that Arabs also share this native status, an idea reflected by the envisioned “two-state solution” that was agreed to by both Israel and the Palestinian Liberation Organization in 1993 at the Oslo Accords. For better or for worse, Israel remains the world’s only Jewish state and has been for the past 76 years. Anyone who believes that Israel should not exist must answer the question of where its Jewish occupants should go. Between 1948 and 1968, 850,000 Jews were expelled from their homes in Egypt, Lebanon, Syria, Yemen, Iraq, Libya, Morocco, and other Arab countries, as well as 70,000 more Jewish refugees after the Iranian Revolution in 1979. Between 1948 and 1958 alone, almost a million refugees found asylum from this persecution in Israel. Israeli"
/opinion/2024/03/26/columbias-antisemitism-task-force-is-correct-not-to-define-antisemitism/,2024-03-27,2024,opinion,,ihra_ext,deny_self_determination,from the river to the sea,condemned,"ow we have made a homeland of the soil and the villages where they and their forebears once dwelt.” In short, Dayan did not think one needed to attribute an additional motive, like antisemitism, to understand anti-Israeli or anti-Zionist attitudes, however vehement. I have cautioned the task force in a previous Spectator op-ed against falling into the trap of labeling Palestinian phrases such as “from the river to the sea” as antisemitic. Doing so amounts to censoring what the other side can say, and forecloses the possibility for dialogue and mutual understanding. Moreover, I was also uncomfortable with the fact that the task force mandate does not include examining well-documented concerns about Islamophobia, anti-Arab and anti-Palestinian incidents. For these same reasons, however, I think the task force is abs"
/opinion/2024/03/08/divestment-unites-us-from-environmental-justice-to-a-free-palestine/,2024-03-08,2024,opinion,,ihra_ext,apartheid_genocide_framing,Israeli apartheid,unattributed,"arrative and influence the global, political, and economic landscape. We are Sunrise Columbia , the Columbia chapter of the national Sunrise Movement . As an environmental political action group, our club focuses on fighting the climate crisis through institutional change, including holding Columbia accountable. We stand in solidarity with calls to divest from Israel and corporations that sustain Israeli apartheid, and we are calling for a complete divestment from both fossil fuel companies and companies supporting the oppression of Palestinians. Columbia cannot engage the “best minds in pursuit of [...] service to society” while directly contributing to activities and practices that are considered harmful and unethical. Columbia cannot tout its aims to reach net zero emissions while actively funding the v"
/opinion/2024/03/08/divestment-unites-us-from-environmental-justice-to-a-free-palestine/,2024-03-08,2024,opinion,,ihra_ext,apartheid_genocide_framing,Israeli apartheid,reported,"n the late 1970s and early 1980s. Three decades later in 2015, Columbia once again made history by becoming the first academic institution in the United States to divest from the private prison industry after protests from Columbia Prison Divest. In 2020, Columbia University Apartheid Divest, a coalition initially formed in 2016, passed a Columbia Collegewide referendum in favor of divesting from Israeli apartheid and occupation. CUAD has since been revived and grew again following Columbia’s suspension of Jewish Voice for Peace and Students for Justice in Palestine, releasing this statement calling on the University to “divest its endowment from the following corporations that profit from Israel’s violation of Palestinian human rights: Caterpillar, Hyundai Heavy Industries, Hewlett Packard Enterprise, Elb"
/opinion/2024/03/08/divestment-unites-us-from-environmental-justice-to-a-free-palestine/,2024-03-08,2024,opinion,,ihra_ext,apartheid_genocide_framing,Israeli apartheid,unattributed,"s and corporations regain control of their investments to make them more responsible and more coherent with the social and environmental values they endorse. This needs to start now and with our institution: Columbia University. The Columbia College Student Council approved referendums brought forward by Columbia University Apartheid Divest to divest from Israel and boycott companies that support Israeli apartheid. We call on all students within Columbia College, Barnard, the School of General Studies, the School of Social Work, and the Law School to vote yes on their respective referendums to divest from “Israel’s acts of occupation, apartheid, and genocide.” As long as Columbia intertwines our tuition and education with industries destroying our world, from fossil fuels to weapons manufacturers profiting"
/opinion/2024/03/08/on-the-recent-bds-referendum-we-are-not-going-anywhere/,2024-03-08,2024,opinion,,ihra_ext,apartheid_genocide_framing,Israeli Apartheid,unattributed,"rmine the conversation’s very premise by rejecting the legitimacy of one party’s existence. Today, the idea that we might debate one’s existence based on his identity or ethnic background is not just absurd, but an egregious violation of the sacred principle of respecting others’ dignity. On March 3, Columbia College Student Council passed a resolution calling to boycott companies supporting “the Israeli Apartheid state.” It is appalling to see CCSC practicing the same delegitimization tactics that plagued America in 1857, but now against Israeli students, Zionists, and the State of Israel itself. More specifically, the resolution called for CCSC to direct no funds towards “companies deemed by Boycott, Divestment, and Sanctions Movement (BDS) to be complicit” in what they assert are human rights violations"
/opinion/2024/03/08/faculty-and-staff-pledge-to-take-back-our-university-for-jews-israelis-and-zionists/,2024-03-08,2024,opinion,,narrow,nazi_symbol,swastika,condemned,"s lobby for nearly three hours in an anti-Israel protest in violation of multiple university policies.” “Columbia Social Workers 4 Palestine occupied the lobby of the School of Social Work Building with an unauthorized teach-in.” The lawsuit also details how mobs have blocked access to events and created a gauntlet to pass through to enter events. · Vandalism: Vandalism and hate symbols include a swastika drawn in the International Affairs Building in October and a protest that, according to the Columbia-student filed lawsuit, “culminat[ed] in a blockade at the entrance of Butler Library, where they broke the glass of a library door.” · Violent hate speech, harassment, and incitement: “An Israeli undergraduate who spoke in support of Israel … received numerous harassing phone calls and texts, incl"
/opinion/2024/03/08/faculty-and-staff-pledge-to-take-back-our-university-for-jews-israelis-and-zionists/,2024-03-08,2024,opinion,,ihra_ext,deny_self_determination,from the river to the sea,condemned," death to the Zionist state,” “from water to water, Palestine is Arab” in Arabic, and “globalize the intifada,” are explicit calls to murder or expel over seven million Jews from Israel. They are antisemitic declarations meant to delegitimize Jewish rights to their indigenous homeland. These statements do not have “complex meanings” and they are not just “hurtful” for “some students.” The phrase “from the river to the sea” and similar sentiments have also been claimed by Hamas and other anti-Israel politicians. Columbia must also condemn campus affiliates who demonize Jews by depicting them as animals, the way Nazis did, like the postering of a flyer that depicts a skunk with the Israeli flag on its back. 6. Columbia must not weaken its response to antisemitism by conflating it with other forms of hatred. Although"
/opinion/2024/03/08/why-i-counterprotest-sjp-rallies/,2024-03-08,2024,opinion,,ihra_ext,deny_self_determination,Israel has no right to exist,reported," myself that if today they celebrate war and disregard Palestinian safety, then tomorrow I would not let them self-righteously stomp around and feign concern for Gazans uncontested. Their hypocrisy would not go unchallenged. As someone who was once optimistic about the prospect of peace with a broad coalition of Palestinians, SJP’s response has been deeply disappointing and sad. They declare that Israel has no right to exist in any capacity and openly call for an “end to the Zionist state.” The saddest thing of all, though, is how popular SJP is among Columbia students. Just a few weeks ago, SJP held a rally where hundreds of students chanted “We don’t want two states, we want all of it,” “End to the Zionist state,” and, in Arabic, “From water to water, Palestine is Arab.” For all those wondering about the implicatio"
/opinion/2024/03/08/why-i-counterprotest-sjp-rallies/,2024-03-08,2024,opinion,,ihra_ext,deny_self_determination,From the river to the sea,reported," capacity and openly call for an “end to the Zionist state.” The saddest thing of all, though, is how popular SJP is among Columbia students. Just a few weeks ago, SJP held a rally where hundreds of students chanted “We don’t want two states, we want all of it,” “End to the Zionist state,” and, in Arabic, “From water to water, Palestine is Arab.” For all those wondering about the implications of “From the river to the sea, Palestine will be free” on Jews and Israelis, I interpret these chants as SJP looking to turn the land between the Mediterranean Sea and Jordan into a distinctly Arab land with no regard for the seven million Jews living there. It is clear to me, at this point, that the central impediment to peace and Palestinian self-determination is this rampant ideology that promotes a vision of the region co"
/opinion/2024/03/08/why-i-counterprotest-sjp-rallies/,2024-03-08,2024,opinion,,ihra_ext,deny_self_determination,From the river to the sea,reported,"y of violence. When said by a Columbia student wearing a keffiyeh or a Hamas terrorist in Kfar Aza, “end to the Zionist state” means the same thing to me: dead Jews, and the destruction of the Jewish state. These rallies further embolden radicals and prolong the conflict, unfortunately ensuring further Palestinian suffering—just as Hamas has. That is why I chant back, “Free Gaza from Hamas,” and “From the river to the sea, no Hamas there will be.” As a Jewish student who supports Israel, I will never forget October 12. On that day, like sheep in a flock, hundreds of students desecrated Columbia’s reputation for intellectualism and moral virtue by aligning with SJP’s morally corrupt framing of Hamas’ attack as “an unprecedented historic moment.” This same SJP, in stoking the flame of this conflict, continues to con"
/opinion/2024/03/04/on-the-advisory-committee-on-socially-responsible-investings-shameful-divestment-decision/,2024-03-04,2024,opinion,,ihra_ext,apartheid_genocide_framing,genocide in Gaza,unattributed,"On the Advisory Committee on Socially Responsible Investing’s shameful divestment decision. On February 29, day 146 of the genocide in Gaza, the Advisory Committee on Socially Responsible Investing rejected Columbia University Apartheid Divest’s proposal to divest from Israel. In a clear demonstration of bias, ACSRI required that CUAD meet an arbitrary threshold for consensus prior to considering the rest of the divestment proposal, but did not explain to us which qualifications would be considered in their evaluation. Because the co"
/opinion/2024/03/04/on-the-advisory-committee-on-socially-responsible-investings-shameful-divestment-decision/,2024-03-04,2024,opinion,,ihra_ext,apartheid_genocide_framing,Israeli apartheid,unattributed,"nced on its website that it holds no direct investments in Russia without ever having sought unified consensus from Columbia affiliates. This inconsistency exemplifies the ACSRI’s uneven application of discretionary power—a double standard in lockstep with the beliefs and interests of the ruling class. Even ACSRI acknowledges that a majority of students have historically supported divestment from Israeli apartheid and genocide. But its rationale for rejecting CUAD’s proposal draws a meaningless distinction between majority opinion and consensus, arguing: “A majority is insufficient to conclude there is broad consensus.” Evidence proves that referenda on campus have consistently weighed in favor of divestment since as early as 2002, and CUAD now represents more than 110 student organizations and 3,000 stude"
/opinion/2024/03/04/on-the-advisory-committee-on-socially-responsible-investings-shameful-divestment-decision/,2024-03-04,2024,opinion,,ihra_ext,apartheid_genocide_framing,Israeli apartheid,reported,"States. And while its investment portfolio may be private, its public affiliation with figures like Jeh Johnson , who sits on both Columbia’s board of trustees and the board of directors at Lockheed Martin—a major weapons supplier for the Israeli government—carries disturbing, and indicative, implications. The University must divest its direct and indirect holdings in any companies profiting from Israeli apartheid and genocide. If ASCRI is committed to “socially responsible investing,” as is their stated purpose, then the longstanding human rights violations of Israeli occupation must figure into its decision-making about Columbia’s financial future. All affiliates’ perspectives, including the case for divestment brought by CUAD, must be respected, fairly evaluated, and taken seriously. The committee’s rej"
/opinion/2024/02/27/campuses-like-ours-are-a-second-front-in-israels-war-on-higher-education-and-free-expression/,2024-02-28,2024,opinion,,ihra_ext,apartheid_genocide_framing,Israeli apartheid,reported,"ion, when they got University leaders to start falsely accusing you of “threats and intimidation” for daring to speak about Palestine, they told us they do care what you think. They told us this is a site of political power and struggle against the occupation and for Palestinian rights. They told us they’re scared of you. They’re scared of how young activists like you are speaking the truth about Israeli apartheid and genocide. They’re scared of the kinds of protests and conversations that our freedom here allows us to have. And they’re scared of the way your movement threatens their ability to keep lying to young people and the world about Palestine and the Palestinian cause. They’re scared that young peoples’ principled protest in a free and democratic society might help erode American support for its se"
/opinion/2024/02/27/campuses-like-ours-are-a-second-front-in-israels-war-on-higher-education-and-free-expression/,2024-02-28,2024,opinion,,ihra_ext,apartheid_genocide_framing,Israeli apartheid,unattributed,"he assault on Gazan culture and civil life. We condemn our political leaders for enabling it and our university leaders for being so loyal to a regime that has casually slaughtered their counterparts and my colleagues in Gaza. But we know that the question is not “Should we keep protesting and speaking up?” No, the question is: “How high are we going to build the new universities and schools when Israeli apartheid is ended and peace returns to Gaza and, in solidarity with our comrades all around this city and all around the world, we finally free Palestine?” Thank you. Joseph A. Howley is an associate professor of classics and a member of the Faculty and Staff for Justice in Palestine of Columbia, Barnard and Teachers College. To respond to this op-ed, or to submit your own, contact opinion@columbiaspectat"
/opinion/2024/02/19/columbia-doesnt-just-not-care-about-its-studentsit-puts-them-in-harms-way-to-advance-its-own-interests/,2024-02-19,2024,opinion,,ihra_ext,apartheid_genocide_framing,genocide in Gaza,unattributed,"of the Columbia University administration who can’t be bothered to respond to my emails, but find the time to monitor my Twitter account: History will remember your complicity, your silence, and your violence against your own students. Your billions of dollars are failing to conceal the rotting stench of moral decay. You cannot bully, harass, or intimidate us into staying silent about the ongoing genocide in Gaza. Layla Saliba is a Palestinian-American graduate student at Columbia University School of Social Work. She is studying social work with a policy focus. To respond to this op-ed, or to submit your own, contact opinion@columbiaspectator.com ."
/opinion/2024/02/13/what-are-the-politics-of-respectability-during-a-genocide/,2024-02-13,2024,opinion,,ihra_ext,deny_self_determination,from the river to the sea,reported,"hat protesters chanted “Jews will not defeat us” and “Globalize the Intifada,” while describing the protest as “the closest thing to Nazi Germany I could imagine.” Neither of the chants were on the chants list distributed in person and via social media. It is such an egregiously deliberate fabrication that students demanding an end to a genocide would chant “Jews will not defeat us.” When we say “from the river to the sea, Palestine will be free,” we demand the right of return for the millions of Palestinian refugees and their descendants and the complete dismantlement of Israeli apartheid and settler-colonialism . When Zionists claim that “from the river to the sea, Palestine will be free” is a call for genocide, I ask: Why does the idea of Palestinian freedom evoke “genocide” in your mind? Do you fear that upon "
/opinion/2024/02/13/what-are-the-politics-of-respectability-during-a-genocide/,2024-02-13,2024,opinion,,ihra_ext,deny_self_determination,from the river to the sea,reported,"dia. It is such an egregiously deliberate fabrication that students demanding an end to a genocide would chant “Jews will not defeat us.” When we say “from the river to the sea, Palestine will be free,” we demand the right of return for the millions of Palestinian refugees and their descendants and the complete dismantlement of Israeli apartheid and settler-colonialism . When Zionists claim that “from the river to the sea, Palestine will be free” is a call for genocide, I ask: Why does the idea of Palestinian freedom evoke “genocide” in your mind? Do you fear that upon liberation, the Palestinian people will unleash upon you the same horrors that you inflicted on them? It is incomprehensible that we are being manipulated into distracting arguments over the respectability politics of our chants and slogans while pa"
/opinion/2024/02/13/what-are-the-politics-of-respectability-during-a-genocide/,2024-02-13,2024,opinion,,ihra_ext,apartheid_genocide_framing,genocide in Gaza,unattributed,"What are the politics of respectability during a genocide?. On January 26, the International Court of Justice ruled that Israel is plausibly committing genocide in Gaza. This landmark decision followed an exhaustive examination of an 84-page-long case brought forth by South Africa , which details the ways in which Israel has violated the 1948 Genocide Convention in the last few months, including but not limited to: the mass killing of Palestinians in Gaza, particularly children; destruction of homes; mass expulsion; blockade on food, water, and medical care; des"
/opinion/2024/02/13/what-are-the-politics-of-respectability-during-a-genocide/,2024-02-13,2024,opinion,,ihra_ext,apartheid_genocide_framing,Israeli apartheid,reported,"chants were on the chants list distributed in person and via social media. It is such an egregiously deliberate fabrication that students demanding an end to a genocide would chant “Jews will not defeat us.” When we say “from the river to the sea, Palestine will be free,” we demand the right of return for the millions of Palestinian refugees and their descendants and the complete dismantlement of Israeli apartheid and settler-colonialism . When Zionists claim that “from the river to the sea, Palestine will be free” is a call for genocide, I ask: Why does the idea of Palestinian freedom evoke “genocide” in your mind? Do you fear that upon liberation, the Palestinian people will unleash upon you the same horrors that you inflicted on them? It is incomprehensible that we are being manipulated into distracting"
/opinion/2024/02/13/what-are-the-politics-of-respectability-during-a-genocide/,2024-02-13,2024,opinion,,ihra_ext,apartheid_genocide_framing,genocidal regime,unattributed,"of violence and thus evacuated the word of all meaning—allowing it to encompass anti-genocide slogans and hypothetical scenarios but not an ongoing genocide itself. To those who complain about our slogans making them feel unsafe: Are you unsafe, or are you uncomfortable? Palestinians in Gaza are unsafe due to bombs raining down on them. You are uncomfortable because your peers are calling out the genocidal regime that drops these very bombs. Is there any way for the language of liberation to satisfy Zionists in a world where they not only blatantly lie about the language of the oppressed, flaunt their calls for genocide, openly rebuke international law, and then proceed to accuse Palestinians of every single thing that Zionists themselves are doing? To the oppressor, the issue is not how we demand liberat"
/opinion/2024/01/22/faculty-and-staff-pledge-to-take-back-our-university/,2024-01-22,2024,opinion,,ihra_ext,deny_self_determination,from the river to the sea,condemned,"nd again, the administration has sought to curtail speech that is critical of the actions taken by the State of Israel, that sympathizes with Palestinians, or that attempts to place the current conflict in a longer historical context. Astonishingly, the deans of Columbia’s 17 schools issued a directive in late December that called on members of the community to refrain from using phrases such as “from the river to the sea” or “intifada” because some Jewish students experience those words as antisemitic, and thereby, hurtful. These terms have complex histories and meanings; it is shocking that any university would establish “a new norm that actually prohibits learning about these terms and their histories, in favor of the privileging of a politics of feeling,” as one of our colleagues persuasively described it . Su"
/opinion/2024/01/17/keywords/,2024-01-18,2024,opinion,,ihra_ext,deny_self_determination,from the river to the sea,reported,"troversial phrases, disregards the feelings of those on one side of the issue. The statement suggests that the most contentious issues be cordoned off from public discussion in the interest of creating a “shared language” and preventing hurt to those who disagree, irrespective of the context and histories. Among the offending phrases and words listed by the committee of deans were “‘intifada,’” “‘from the river to the sea,’” and “‘by any means necessary.’” Conspicuously absent from the statement were “Palestine” and “genocide.” As a scholar who has written on settler colonialism, particularly in South Africa and Palestine, I was struck by how the deans’ list of offending words resonated across these two contexts. Intifada, “resistance,” in Palestine reminds one of Amandla, “power,” in South Africa—the rallying cry"
/opinion/2024/01/17/keywords/,2024-01-18,2024,opinion,,ihra_ext,deny_self_determination,From the river to the sea,unattributed,"Palestine, I was struck by how the deans’ list of offending words resonated across these two contexts. Intifada, “resistance,” in Palestine reminds one of Amandla, “power,” in South Africa—the rallying cry of its anti-apartheid movement. Broadly speaking, in both South Africa and Israel-Palestine, the two essential positions weredistilled to supporting the formation of one or two—or many—states. “From the river to the sea” was widely used in calls for a single state, by groups of opposing ideologies. The phrase was a centerpiece of the founding document of the Likud Party in Israel, championing the formation of a single state that would disenfranchise Palestinian sovereignty, and was also used by Palestinian resistance to call for uniform, secular citizenship for all. In South Africa, too, revolutionaries and refo"
/opinion/2024/01/17/keywords/,2024-01-18,2024,opinion,,ihra_ext,deny_self_determination,from the river to the sea,reported,"se Palestinian sovereignty, and was also used by Palestinian resistance to call for uniform, secular citizenship for all. In South Africa, too, revolutionaries and reformists united behind their opposition to the agenda to create multiple Bantustans alongside a single white republic. Whether Zionist or anti-Zionist, sectarian or democratic, proponents of a single polity envisioned a single state “from the river to the sea.” Since they draw the line between adversarial positions, the above keywords are fittingly key to dialogue about these issues, and disagreement about their use is not criminal—it legitimately belongs to the political domain. If the deans are successful in declaring these words out of bounds of campus discussion, their letter—in spite of its stated commitment to ensuring that “the right of members"
/opinion/2023/12/19/an-exclusive-opportunity-columbias-upcoming-global-center-in-tel-aviv/,2023-12-20,2023,opinion,,ihra_ext,deny_self_determination,from the river to the sea,condemned,"by the Columbia University Apartheid Divest coalition of nearly 100 student organizations. This call is not one borne of a blind “bias” against Israel; rather, Boycott, Divestment, Sanctions is a nonviolent targeted tool to pressure compliance with international law inspired by the South African anti-apartheid movement. Unfortunately, just as malicious or misguided actors distort the expression “ from the river to the sea ” to claim it implies the very annihilation it seeks to put an end to, some allege that peaceful tactics intended to stop discrimination are themselves discriminatory. This manipulative reinforcement of oppressive structures has a name: accusation in a mirror. It is worth noting that the controversy surrounding the purported global center in Tel Aviv is not new. Nearly 100 Columbia faculty member"
/opinion/2023/12/19/an-exclusive-opportunity-columbias-upcoming-global-center-in-tel-aviv/,2023-12-20,2023,opinion,,ihra_ext,apartheid_genocide_framing,Israeli apartheid,condemned,"tinian homes, like the remote-controlled bulldozer designed by the Technion – Israel Institute of Technology ? Will “biological science” experiments be conducted on Palestinian corpses illegally withheld from their families , as is the case of the 135 bodies held in refrigerators at the National Institute of Forensic Medicine in Tel Aviv? Our University already invests in companies profiting from Israeli apartheid. With the Tel Aviv center, we could become even more directly complicit in human rights abuses. Many of us have woken up to the hollow rhetoric, hypocrisy, mismanagement, and cowardice of our institution over the past semester. Does it really “advance Columbia’s missions” to entrench partnerships with a state whose discriminatory policies inevitably impact our own University community? Does the s"
/opinion/2023/12/13/do-i-feel-safe-wearing-a-keffiyeh/,2023-12-13,2023,opinion,,ihra_ext,apartheid_genocide_framing,genocide in Gaza,unattributed,"ates and this very campus? How has Israel’s treatment of Palestinians enabled both casual and violent acts of hatred? As Hisham Awartani , one of three Palestinians shot in Vermont, put it himself: “[T]he hate that made this possible was made in Israel. It dehumanized Palestinians on an industrial scale, and was sent to the U.S. in neat little airwave packages. This hate is what makes the ongoing genocide in Gaza acceptable; a Palestinian is not human.” The framing of the question “do you feel safe wearing a keffiyeh?” raises several concerns. First, the prioritization of one’s own comfort over acknowledging the gravity of the man-made nightmare Gazans are living in is a reflection of a broader issue: the American tendency to turn an international humanitarian crisis into an American discussion. Obsessing"
/opinion/2023/12/06/the-end-of-columbias-free-speech-campus-myth-administrations-descent-into-identity-politics-diminishes-real-political-discourse/,2023-12-06,2023,opinion,,ihra_ext,deny_self_determination,from the river to the sea,unattributed,"ts in the group chat were not religious—they were political. This fact demonstrated how my classmates and I do not fit in the boxes that Columbia has set up. Knowing someone’s identity does not mean you can predict their perspectives. During my discussions over the past month, I’ve had conversations with Israeli students who often agree with me. I’ve stood side by side with Jewish allies calling “from the river to the sea,” a call for freedom for peoples living between the Jordan River and the Mediterranean Sea, naming the region “Palestine” as a reference to historical Palestine. I’ve argued vehemently with Muslim and Arab classmates, who I disagreed with more than I expected. What is dismaying here is that Columbia continues to paint the issues on our campus as Israeli versus Arab, Jewish versus Muslim, white ve"
/opinion/2023/12/06/the-end-of-columbias-free-speech-campus-myth-administrations-descent-into-identity-politics-diminishes-real-political-discourse/,2023-12-06,2023,opinion,,ihra_ext,deny_self_determination,from the river to the sea,reported,"responded, “Anything about the Arab-Israeli conflict, given where I grew up, I am not going to say a word about. It’s not that I don’t think—it is not my job, it is not my role, and it is not important.” On October 27, in contradiction to this stated position of impartiality, she issued a statement to the SIPA student body which contained anti-Palestinian rhetoric, and she characterized the call “from the river to the sea” as a call for Jews to be eliminated. Yarhi-Milo, while this is a gross lie, I wholeheartedly welcome you to the discussion SIPA students have already been having on this exact subject. However, a statement to the student body was the wrong format to share such an opinion. When a powerful administrator takes a side and accuses thousands of her students of inciting violence without offering an ave"
/opinion/2023/12/04/mutual-understanding-will-never-be-achieved-by-censoring-what-the-other-side-can-say/,2023-12-04,2023,opinion,,ihra_ext,deny_self_determination,from the river to the sea,condemned,"Mutual understanding will never be achieved by censoring what the other side can say. John Maynard Keynes wrote that “practical men, who believe themselves to be quite exempt from any intellectual influence, are usually the slave of some defunct economist.” Nowadays, when a majority of U.S. congressional representatives vote to censure Rep. Rashida Tlaib for her use of the phrase “from the river to the sea” deeming it a coded “ a genocidal call to violence ,” and when acrimonious debates take place at Columbia about whether the phrase is antisemitic, these practical men and women are the slaves of a defunct orientalist. The orientalist, or Middle East expert, in question was Yehoshafat Harkabi. Trained in Middle East studies at a time when it was still known as “Orientalism” at the Hebrew Universit"
/opinion/2023/12/04/mutual-understanding-will-never-be-achieved-by-censoring-what-the-other-side-can-say/,2023-12-04,2023,opinion,,ihra_ext,deny_self_determination,from the river to the sea,unattributed,"ted to English and distributed by the Ministry of Foreign Affairs, or were published in major outlets such as Routledge, The Free Press, and NYU Journal of International Law and Politics. Most importantly, what survived him is this mode of interpretation in which certain phrases are treated as coded language that must be exposed. There is a contemporary lesson in this ancient history. The phrase “from the river to the sea” can mean many things. Many Palestinians say that it refers to what has been called, in Israel too, the “one state solution,” namely a secular, democratic state of all its citizens, Israelis and Palestinians, on the whole territory formerly known as Mandatory Palestine. Usually, if you want to know what somebody means, you should ask them. This, at least, was the conclusion that Harkabi himself r"
/opinion/2023/12/04/mutual-understanding-will-never-be-achieved-by-censoring-what-the-other-side-can-say/,2023-12-04,2023,opinion,,ihra_ext,deny_self_determination,from the river to the sea,condemned,"een called, in Israel too, the “one state solution,” namely a secular, democratic state of all its citizens, Israelis and Palestinians, on the whole territory formerly known as Mandatory Palestine. Usually, if you want to know what somebody means, you should ask them. This, at least, was the conclusion that Harkabi himself reached later in his life. But when calls are heard to censure the slogan “from the river to the sea” as antisemitic, the practical men and women who say this are not thinking for themselves, but letting an old discourse do the thinking for them, a discourse in which the Middle East expert speaks for the Palestinians and tells you, the reader, what they really mean. Columbia’s new task force on antisemitism should take heed and not fall into the trap of trying to label this phrase as antisemitic"
/opinion/2023/12/04/mutual-understanding-will-never-be-achieved-by-censoring-what-the-other-side-can-say/,2023-12-04,2023,opinion,,ihra_ext,deny_self_determination,from the river to the sea,condemned,"s are not thinking for themselves, but letting an old discourse do the thinking for them, a discourse in which the Middle East expert speaks for the Palestinians and tells you, the reader, what they really mean. Columbia’s new task force on antisemitism should take heed and not fall into the trap of trying to label this phrase as antisemitic. On a personal note, I was taken aback when the phrase “from the river to the sea” was used only a few days after the October 7 massacre. My friends and colleagues can testify that I was fuming with anger. To my Israeli ears, its use in declarations and protests by Columbia’s chapters of Students for Justice in Palestine and Jewish Voice for Peace in the first few days after October 7 was insensitive in the extreme and counterproductive, as events since have shown. But it is n"
/opinion/2023/12/04/mutual-understanding-will-never-be-achieved-by-censoring-what-the-other-side-can-say/,2023-12-04,2023,opinion,,ihra_ext,deny_self_determination,from the river to the sea,condemned,"h historical baggage, not necessarily of its own making. Genuine dialogue about this baggage, about what it means for different ears and why, would be far more productive than trying to censor it. By the same token, calling oneself a “Zionist” should not be an immediate disqualification from discussion and debate among all those who care about justice for Palestinians. Just as some try to equate “from the river to the sea” with antisemitism, there are others who try to equate Zionism with racism. Zionism is not racism. It is a form of ethnonationalism, which is among the most prevalent forms of nationalism around the world, but with extra historical justification provided by the atrocities of the Holocaust. There are some avowed Zionists who are racists, just as there are some antisemites among those who chant “fr"
/opinion/2023/12/04/mutual-understanding-will-never-be-achieved-by-censoring-what-the-other-side-can-say/,2023-12-04,2023,opinion,,ihra_ext,deny_self_determination,from the river to the sea,condemned,"ea” with antisemitism, there are others who try to equate Zionism with racism. Zionism is not racism. It is a form of ethnonationalism, which is among the most prevalent forms of nationalism around the world, but with extra historical justification provided by the atrocities of the Holocaust. There are some avowed Zionists who are racists, just as there are some antisemites among those who chant “from the river to the sea,” but equating the two is counterproductive. Nor is it justifiable to equate anti-Zionism with antisemitism. One can believe that the secular democratic state of all its citizens, from the river to the sea, is the only viable solution to the Israeli-Palestinian conflict, without being an antisemite. That it is hard for Jews to hear this without evoking the fears and justifications derived from th"
/opinion/2023/12/04/mutual-understanding-will-never-be-achieved-by-censoring-what-the-other-side-can-say/,2023-12-04,2023,opinion,,ihra_ext,deny_self_determination,from the river to the sea,condemned,"d, but with extra historical justification provided by the atrocities of the Holocaust. There are some avowed Zionists who are racists, just as there are some antisemites among those who chant “from the river to the sea,” but equating the two is counterproductive. Nor is it justifiable to equate anti-Zionism with antisemitism. One can believe that the secular democratic state of all its citizens, from the river to the sea, is the only viable solution to the Israeli-Palestinian conflict, without being an antisemite. That it is hard for Jews to hear this without evoking the fears and justifications derived from the Holocaust is true. It is also true that it is hard for Palestinians to hear these fears without feeling that the fears serve to justify their own oppression. How to speak to each other across such a divid"
/opinion/2023/11/20/calls-to-suppress-speech-about-palestinian-suffering-and-the-israeli-government-do-not-represent-all-jews/,2023-11-20,2023,opinion,,ihra_ext,deny_self_determination,from the river to the sea,unattributed,". I thereby call on the University to reinstate Students for Justice in Palestine and Jewish Voice for Peace. I call on the administration to apologize for the spurious, libelous accusations of intimidation and violent rhetoric it brought against them in national media. And I call on the leaders of our country to work to bring an end to the slaughter; to deconstruct apartheid; and to help create, from the river to the sea, a just, safe Israel and a free Palestine. Joseph A. Howley is an associate professor of classics at Columbia. A version of these remarks was delivered on the Low Library steps on Wednesday as part of a faculty-led demonstration for academic freedom, organized in response to the suspension of SJP and JVP. To respond to this op-ed, or to submit your own, contact opinion@columbiaspectator.com ."
/opinion/2023/11/20/journalists-must-uphold-their-commitments-to-truth/,2023-11-20,2023,opinion,,ihra_ext,apartheid_genocide_framing,Israeli apartheid,reported,"at “ erupted ” and “ roiled ” campus, creating a stark division between Arab and Muslim students and their Jewish peers. NBC and ABC7’s footage includes heavy focus on the enmity between opposing protests within the large gathering of students, which effectively erases the specific calls from on-campus pro-Palestinian groups for the University and its affiliates to show solidarity and divest from Israeli apartheid. The New York Times article published that evening included only one Columbia student interview, which exclusively platformed an attendee of the counterprotest organized by Students Supporting Israel—who reportedly felt “highly disturbed” and “unsupported” on campus—and deigned not to describe speeches made by pro-Palestinian activists or seek comment from their supporters. This rendered one set "
/opinion/2023/11/14/columbia-university-apartheid-divest-who-we-are/,2023-11-15,2023,opinion,,ihra_ext,apartheid_genocide_framing,apartheid Israel,unattributed,"ossession, and ethnic cleansing against the Palestinian people—funded by U.S. taxpayer dollars, and further enabled by financial investments made by institutions like Columbia University. As students across the country rise up to defend Palestinian lives, campus administrations like ours are trying to silence our voices. They underestimate our resolve. We will not rest until Columbia divests from apartheid Israel, Palestinians are free, and liberation is achieved for all oppressed people worldwide. The CUAD Coalition initially formed in 2016 and passed a Columbia College-wide referendum in 2020 in favor of divestment that former University President Lee Bollinger overturned. Our coalition was reactivated in October 2023 in response to the overwhelming support for Palestinian freedom from students on Colum"
/opinion/2023/11/14/columbia-university-apartheid-divest-who-we-are/,2023-11-15,2023,opinion,,ihra_ext,apartheid_genocide_framing,Israeli apartheid,unattributed," Jewish voices from the Palestinian liberation movement. Truth and justice are on our side. Our power is in the collective. We keep us safe. Our only solution is to keep speaking out. The more Columbia attempts to silence us, the louder we will be. OUR MISSION Columbia University Apartheid Divest is a coalition of student organizations working toward achieving a liberated Palestine and the end of Israeli apartheid by urging Columbia to divest all economic and academic stakes in Israel. We seek an end to all interlocking systems of oppression through collective action and solidarity with oppressed people worldwide. OUR VISION We envision a free Palestine. We necessarily envision an entire world free from colonialism and imperialism, and from all the interrelated systems of oppression that uphold them. OUR V"
/opinion/2023/11/14/columbia-university-apartheid-divest-who-we-are/,2023-11-15,2023,opinion,,ihra_ext,apartheid_genocide_framing,Israeli apartheid,unattributed,"lectivity. We commit to actively refuting elitism and hierarchy in our work. We are part of a movement—of a larger collective. We are not reactionary, but proactive. We are, in the words of Mary Hooks, “willing and ready to be transformed in service of the work.” OUR DEMANDS The Columbia University Apartheid Divest demands Columbia University immediately divest all economic and academic stakes in Israeli apartheid in accordance with the results of the 2020 student body referendum. Furthermore, we demand that the University: 1. Call on President Biden, Sens. Kirsten Gillibrand and Chuck Schumer, Rep. Adriano Espaillat, and all other government officials to support an immediate ceasefire in Gaza, in line with the demands of the majority of Americans. 2. Divest from companies profiting from Israeli apartheid,"
/opinion/2023/11/14/columbia-university-apartheid-divest-who-we-are/,2023-11-15,2023,opinion,,ihra_ext,apartheid_genocide_framing,Israeli apartheid,unattributed," Israeli apartheid in accordance with the results of the 2020 student body referendum. Furthermore, we demand that the University: 1. Call on President Biden, Sens. Kirsten Gillibrand and Chuck Schumer, Rep. Adriano Espaillat, and all other government officials to support an immediate ceasefire in Gaza, in line with the demands of the majority of Americans. 2. Divest from companies profiting from Israeli apartheid, noting that both former Columbia and Barnard presidents unilaterally and anti-democratically ignored the student body referendums to divest in 2020 and in 2018. 3. Cancel the opening of the Tel Aviv Global Center, noting that Palestinian affiliates of Columbia would be restricted from access to this program given Israel’s apartheid policies, and further noting that this, therefore, violates Colu"
/opinion/2023/10/17/columbia-you-are-failing-your-palestinian-muslim-arab-black-brown-and-jewish-student-activists/,2023-10-17,2023,opinion,,ihra_ext,apartheid_genocide_framing,Israeli apartheid,condemned,"he opened, he tried to choke her and proceeded to attack her with a knife, yelling ‘you Muslims must die!’” The lies manufactured by the media were the source of the anger that fueled this gruesome hate crime. We ask students on campus to educate themselves on the issue through reliable sources rather than those that manufacture consent to imperialism, and to read the Human Rights Watch report on Israeli apartheid , B’tselem ’s reports on Israel’s human rights violations and Amnesty International reports on Israeli apartheid. Read the coverage of Palestine from Middle East Eye , an independent news outlet covering events in the Middle East and North Africa. The Columbia Students Supporting Israel Instagram account repeatedly claimed that SJP was supporting terrorists, including in one Instagram story that "
/opinion/2023/10/17/columbia-you-are-failing-your-palestinian-muslim-arab-black-brown-and-jewish-student-activists/,2023-10-17,2023,opinion,,ihra_ext,apartheid_genocide_framing,Israeli apartheid,condemned,"ies manufactured by the media were the source of the anger that fueled this gruesome hate crime. We ask students on campus to educate themselves on the issue through reliable sources rather than those that manufacture consent to imperialism, and to read the Human Rights Watch report on Israeli apartheid , B’tselem ’s reports on Israel’s human rights violations and Amnesty International reports on Israeli apartheid. Read the coverage of Palestine from Middle East Eye , an independent news outlet covering events in the Middle East and North Africa. The Columbia Students Supporting Israel Instagram account repeatedly claimed that SJP was supporting terrorists, including in one Instagram story that read: “Columbia/Barnard: Here’s your chance to stand on the right side of history. Join the group chanting in sup"
/opinion/2022/04/28/this-yom-hashoah-we-made-a-deliberate-choice-to-remember-will-you/,2022-04-28,2022,opinion,,narrow,holocaust_denial,Holocaust denial,condemned," short sessions is impossible, but for my seventh-grade Hebrew school class, I try. This first exposure will not be their only Holocaust education, but still, I want to give them a solid foundation. Particular points of emphasis include how Germany descended into Nazism, the shift from anti-Judaism to racial antisemitism, stories of Jewish resistance, and the frighteningly widespread contemporary Holocaust denial. I want my students to remember the lost Jewish worlds, know that Jews didn’t go like sheep to the slaughter, and recognize how it happened so that “never again” are not empty words. -Isaac Ostrow, GS/JTS ’22. As a Jewish student at Barnard, I never expected to hear such blatant conversations minimizing the Holocaust in my classes. Yet, in two separate Barnard courses this year, I have witnessed "
/opinion/2020/09/23/bds-is-a-perversion-of-columbias-investments/,2020-09-23,2020,opinion,,ihra_ext,deny_self_determination,From the River to the Sea,reported,"vement is predicated on opposition to the existence of Israel. Omar Barghouti, a founder of BDS, professes that “no Palestinian—rational Palestinian, not a sell-out Palestinian—will ever accept a Jewish state in Palestine.” Using financial pressure to achieve the political goal of ridding the region of a Jewish state is not advocacy. It is economic warfare. Supporters of the referendum chanted , “From the River to the Sea, Palestine will be free,” when CCSC approved the question. This adage refers to the Jordan River and the Mediterranean Sea, which contain territory belonging to Israel and disputed territory. Students advocating for the referendum were unmistakably calling for the elimination of the only Jewish state. Their rhetoric is not aligned with advocacy. Their rhetoric seems to prefer the destruction of I"
/opinion/2020/09/23/stand-for-justice-stand-for-palestine/,2020-09-23,2020,opinion,,ihra_ext,apartheid_genocide_framing,Israeli apartheid,unattributed,"ting the intersectional nature of the battles we are fighting; just as our oppression is interconnected, so is our solidarity with one another. Voting in favor of this ballot initiative demonstrates a commitment to the voices of the student body—voices that are increasingly affirming the Palestinian struggle for justice and liberation. Our institutional holdings make us, as students, complicit in Israeli apartheid and such ubiquitous violations demand our concern and action. It is for these reasons that we ask the Columbia College student body to consider including Palestine as part of one’s moral compass when deciding to vote this week. Ibtihal Malley is a junior at Barnard and a member of Students for Justice in Palestine. She has been involved with CUAD’s campaign since her first year on campus and urge"
/opinion/2020/09/23/stand-for-justice-stand-for-palestine/,2020-09-23,2020,opinion,,ihra_ext,apartheid_genocide_framing,Israeli apartheid,unattributed," that we ask the Columbia College student body to consider including Palestine as part of one’s moral compass when deciding to vote this week. Ibtihal Malley is a junior at Barnard and a member of Students for Justice in Palestine. She has been involved with CUAD’s campaign since her first year on campus and urges Columbia College students to vote “yes” to divest from companies that profit off of Israeli apartheid from September 22 to 25. To respond to this op-ed, or to submit an op-ed, contact opinion@columbiaspectator.com."
/opinion/2020/03/31/racial-targeting-on-campus-the-real-life-dangers-of-upholding-the-western-standard/,2020-04-01,2020,opinion,,narrow,nazi_symbol,swastika,reported,"argeting on campus: The real-life dangers of upholding the Western standard. Amid all the chaos, confusion, and grief brought on by the COVID-19 pandemic, the students in Columbia College and School of Engineering and Applied Science remaining on campus received a chilling email last Tuesday from Dean Cristen Kromm, writing that on two separate occasions during the prior week, someone had drawn a swastika on the wall of the 16th-floor hallway in East Campus. The notion that someone is repeatedly targeting Jewish students with a symbol of hatred, especially during a time when we should be banding together to love and support one another, is painful to come to terms with. It is disturbing, isolating, infuriating, saddening, and as Kromm mentioned, “deeply concerning.” But it is certainly not surpris"
/opinion/2020/03/25/discourse-and-debate-how-should-we-as-a-community-approach-controversial-conversations-surrounding-identity-based-discrimination-and-who-should-take-the-lead-in-the-discussion/,2020-03-25,2020,opinion,,narrow,nazi_symbol,swastika,condemned,"sed hate crime incidents at Columbia, from swastikas in East Campus to anti-Chinese sentiments in Butler, tensions are high on campus and some students and administration aim to address these issues in productive ways. How should we as a community approach controversial conversations surrounding identity-based discrimination, and who should take the lead in the discussion? Brian Siegel The recent swastika graffiti in East Campus is an act of hate and discrimination. Yet, let’s think about why these few lines hold so much weight. Columbia is often quick to attack hate speech in an attempt to limit bigotry. However, our disgust with symbols like these may be misdirected at expressions of anti-Semitism, not anti-Semitism itself. There is a misdiagnosis of the issue: Symbols like swastikas derive from"
/opinion/2020/03/25/discourse-and-debate-how-should-we-as-a-community-approach-controversial-conversations-surrounding-identity-based-discrimination-and-who-should-take-the-lead-in-the-discussion/,2020-03-25,2020,opinion,,narrow,nazi_symbol,swastikas,condemned,"l The recent swastika graffiti in East Campus is an act of hate and discrimination. Yet, let’s think about why these few lines hold so much weight. Columbia is often quick to attack hate speech in an attempt to limit bigotry. However, our disgust with symbols like these may be misdirected at expressions of anti-Semitism, not anti-Semitism itself. There is a misdiagnosis of the issue: Symbols like swastikas derive from anti-Semitism, but anti-Semitism does not stem from swastikas. The pink triangle, once associated with Nazi discrimination of homosexuals, transformed into a prominent emblem of AIDS activism after the ACT UP “Silence=Death” campaign . This example illustrates that the most effective method of removing offensive Nazi symbols involves public advocacy, not confidential silencing. The ph"
/opinion/2020/03/25/discourse-and-debate-how-should-we-as-a-community-approach-controversial-conversations-surrounding-identity-based-discrimination-and-who-should-take-the-lead-in-the-discussion/,2020-03-25,2020,opinion,,narrow,nazi_symbol,swastikas,condemned,"mination. Yet, let’s think about why these few lines hold so much weight. Columbia is often quick to attack hate speech in an attempt to limit bigotry. However, our disgust with symbols like these may be misdirected at expressions of anti-Semitism, not anti-Semitism itself. There is a misdiagnosis of the issue: Symbols like swastikas derive from anti-Semitism, but anti-Semitism does not stem from swastikas. The pink triangle, once associated with Nazi discrimination of homosexuals, transformed into a prominent emblem of AIDS activism after the ACT UP “Silence=Death” campaign . This example illustrates that the most effective method of removing offensive Nazi symbols involves public advocacy, not confidential silencing. The phrase “Silence=Death” couldn’t be more topical; censorship in the face of o"
/opinion/2020/03/25/discourse-and-debate-how-should-we-as-a-community-approach-controversial-conversations-surrounding-identity-based-discrimination-and-who-should-take-the-lead-in-the-discussion/,2020-03-25,2020,opinion,,narrow,nazi_symbol,swastikas,condemned,"ve depicted as antithetical to our beliefs. Too often, we believe that anyone who disagrees with us is insusceptible to reason and persuasion, that their beliefs are unwavering and immovably false. However, people like Daryl Davis, a Black man who persuaded 200 people to leave the KKK , fervently disproves this sentiment. Anti-Semites’ goals are to persecute. Limiting discussions around injurious swastikas to promote “safety” only communicates that swastikas are effective. Columbia’s decision to remove the swastika was right for the wrong reasons; we need to address hate not through silencing it, but vocally dismantling it. We must speak up, not shut up. And for our voices to make a difference, we need everyone to be at the table, including the bad guys. Brian Siegel is a sophomore at Columbia Coll"
/opinion/2020/03/25/discourse-and-debate-how-should-we-as-a-community-approach-controversial-conversations-surrounding-identity-based-discrimination-and-who-should-take-the-lead-in-the-discussion/,2020-03-25,2020,opinion,,narrow,nazi_symbol,swastikas,condemned,", we believe that anyone who disagrees with us is insusceptible to reason and persuasion, that their beliefs are unwavering and immovably false. However, people like Daryl Davis, a Black man who persuaded 200 people to leave the KKK , fervently disproves this sentiment. Anti-Semites’ goals are to persecute. Limiting discussions around injurious swastikas to promote “safety” only communicates that swastikas are effective. Columbia’s decision to remove the swastika was right for the wrong reasons; we need to address hate not through silencing it, but vocally dismantling it. We must speak up, not shut up. And for our voices to make a difference, we need everyone to be at the table, including the bad guys. Brian Siegel is a sophomore at Columbia College studying sustainable development and computer sci"
/opinion/2020/03/25/discourse-and-debate-how-should-we-as-a-community-approach-controversial-conversations-surrounding-identity-based-discrimination-and-who-should-take-the-lead-in-the-discussion/,2020-03-25,2020,opinion,,narrow,nazi_symbol,swastika,condemned,"ible to reason and persuasion, that their beliefs are unwavering and immovably false. However, people like Daryl Davis, a Black man who persuaded 200 people to leave the KKK , fervently disproves this sentiment. Anti-Semites’ goals are to persecute. Limiting discussions around injurious swastikas to promote “safety” only communicates that swastikas are effective. Columbia’s decision to remove the swastika was right for the wrong reasons; we need to address hate not through silencing it, but vocally dismantling it. We must speak up, not shut up. And for our voices to make a difference, we need everyone to be at the table, including the bad guys. Brian Siegel is a sophomore at Columbia College studying sustainable development and computer science. Sayali Nagwekar As individuals living in a mostly de"
/opinion/2019/09/27/anti-semitism-and-free-speech-4-points-in-response-to-the-malaysian-prime-minister/,2019-09-27,2019,opinion,,narrow,conspiracy_control,"Jews as “hook-nosed people,” repeating tropes about Jews running the world",condemned,"recognizes the dignity and worth of all. Second, a government leader’s speech is often understood by others as a call for action. While the speech is still protected by free speech principles, it is essential to recognize that government leaders have an extra-loud amplifier in the marketplace of ideas. As history shows us, this can be a force for good, or it can produce great harm. Third, mocking Jews as “hook-nosed people,” repeating tropes about Jews running the world, and diminishing the devastation of Jewish communities in the Holocaust does cause real harm. Nearby and around the world, we can see anti-Semitic rhetoric playing a part in violent attacks on Jewish individuals and communities, as it has for hundreds of years. To deny this would be to deny the power of speech—that it can, indeed, affect people’s views of others and influence the surrounding cult"
/opinion/2019/03/12/i-am-a-pro-israel-former-aryeh-board-member-and-i-am-embarrassed-by-ccscs-vote/,2019-03-12,2019,opinion,,narrow,nazi_symbol,swastikas,condemned,"s of the council would feel comfortable privately voting to alienate the majority of Jewish students, they would not do so publicly. Now that CCSC has used a secret ballot, I can no longer feel safe. In the future, CCSC could vote to alienate a minority community—mine or another—and not be held accountable. After all, Antisemitism thrives in anonymity. The person who defaced Teachers College with swastikas has not come forward, nor have the students recruiting on behalf of neo-Nazi group Dark Enlightenment . When we are forced to be accountable for our actions and words, we are kinder and more open . If we cannot force all students to be accountable for marginalizing others, we should at least begin with our elected governing body. Some council members argued Sunday night that a secret ballot prote"
/opinion/2019/03/12/the-double-standards-of-our-campus-left-3/,2019-03-12,2019,opinion,,ihra_ext,apartheid_genocide_framing,Israeli apartheid,condemned,"idarity,” I have seen no concrete policy proposal to help remove Maduro from power. It is disheartening that many campus socialists superficially condemn authoritarianism in Venezuela but advocate for non-interventionism. Interestingly, the noninterventionist principle so often touted doesn’t seem to apply to Israel. Pro-boycott, divest, and sanction signs flourished at Shaun King’s comment about Israeli apartheid . Why is that injustice in Israel demands sanctions, but in Venezuela demands inaction? Is this a political stance which inherently betrays anti-Semitism? Not necessarily. However, growing support on the left for unqualified and unprincipled anti-Zionist rhetoric indisputably allows for politicians like Ilhan Omar to peddle in tropes which perpetuate anti-Semitic stereotypes of Jews . Some left-w"
/opinion/2019/02/15/the-people-of-color-problem/,2019-02-15,2019,opinion,,narrow,nazi_symbol,swastikas,condemned,"he situation to highlight greater White Supremacy as a whole, non-Black people were taking up too much space and silencing their Black counterparts. This is an issue that I expected of the Columbia administration as a whole, but not of the Columbia student population. However, this is not an issue with other acts of discrimination on campus. After a Columbia professor’s office was vandalized with swastikas , the campus readily discussed anti-Semitism. After a homophobic joke was told at cultureSHOCK, an annual charity showcase hosted by the Columbia Asian American Alliance, the entire campus couldn’t stop discussing homophobia. It seems that when discrimination happens to any other marginalized group on campus, the Columbia student body is ready to name the exact type of discrimination it is. Yet, "
/opinion/2019/01/28/justice-at-the-core/,2019-01-28,2019,opinion,,narrow,nazi_symbol,swastikas,condemned,"Justice at the Core. On Nov. 28, 2018, professor Elizabeth Midlarsky found two swastikas and an anti-Semitic slur spray-painted on the walls of her office in Teachers College. Four days later, an anti-Black slur written on an air vent cover was placed in front of a Black student’s room in Carman Hall. On Dec. 9, a white student harassed a group of Black students in front of Butler Library. These are the events that we ended 2018 with at Columbia. A few days later, the new chairs of L"
/opinion/2018/12/06/addressing-the-endless-cycle-of-anti-semitic-violence/,2018-12-06,2018,opinion,,narrow,conspiracy_control,"conspiracy theorists cited her traditionally Jewish maiden name, Rothschild",reported,"ned on the news and witnessed the burning buildings from the distance of a TV screen, helpless to alleviate her friends’ and coworkers’ agony. In the years that followed, she watched as hateful conspiracy theories blossomed, claiming that the 9/11 terrorist attacks were crafted and carried out by Jews who hoped to start a war against Islam. After sharing her story of incredible luck online, angry conspiracy theorists cited her traditionally Jewish maiden name, Rothschild, as evidence that she knew of the attacks in advance. Unfortunately, that is not where my family’s experience with violent tragedy ends. On February 14 of this year, I hid in a storage closet with 60 other people while an alleged Nazi killed 14 of my classmates and three of my teachers and staff members at Marjory Stoneman Douglas High School. Since escaping unharmed and using my experience to sp"
/opinion/2018/12/06/addressing-the-endless-cycle-of-anti-semitic-violence/,2018-12-06,2018,opinion,,narrow,nazi_symbol,swastikas,condemned,"old self, anti-Semitism was black-and-white Holocaust movies, yellow stars, and the elderly survivors who spoke at my Hebrew school every once in a while. Everything changed when I got old enough to start reading the news. Last Wednesday, psychology professor Elizabeth Midlarsky, who is Jewish, walked into her office at Teachers College only to find that it had been vandalized in her absence —two swastikas and an anti-Semitic slur were sprayed on the walls in ominously red paint. This event comes just about a month after the deadly shooting at the Tree of Life Congregation in Pittsburgh, Pennsylvania, in which 11 Jews were killed and three were injured during their morning prayer. The shooter was an avowed Nazi sympathizer and Holocaust denier . Sadly, my family—like most Jewish families—is no stra"
/opinion/2018/12/03/columbia-has-always-had-an-antisemitism-problem-2/,2018-12-03,2018,opinion,,narrow,nazi_symbol,swastikas,condemned,"nguage and somehow neglected to mention Jews or antisemitism . In taking an intersectional approach rather than one that explicitly decried anti-Jewish bigotry, they also diluted and drew attention away from the specifically antisemitic nature of the crime, which shocked the community and personally affected many Columbia students. In the administration’s more recent statement on the enormous red swastikas and the antisemitic slur spray-painted on the walls of 77-year-old Jewish Holocaust studies professor Elizabeth Midlarsky’s office on Wednesday, the Administration wrote two generic, three-line paragraphs expressing its “shock and anger” and listing the school’s available resources in this “difficult time.” If this statement was in any sense an attempt to make up for their previously lacking one,"
/opinion/2018/04/11/reject-bds-and-keep-barnard-an-inclusive-environment/,2018-04-11,2018,opinion,,narrow,conspiracy_control,"Jews of racism and white supremacy, controlling the world",condemned,"y engaged the centuries-old anti-Semitic canard of blaming the world’s calamities on Jews: One CUAD presenter stated, “American police are trained … in Israel, and a lot of the things that we understand as police brutality and racist policing are processes that are being trained in Israel.” We find this accusation not only reprehensible, but also part and parcel of anti-Semitic tropes that accuse Jews of racism and white supremacy, controlling the world , and holding responsibility for all the world’s evils. The fact that no one has yet directly addressed this plainly defamatory, anti-Semitic allegation is a clear sign not only that anti-Semitism within the anti-Israel movement at Columbia remains unaddressed, but also that this prejudice is often so well disguised as “anti-Zionist, not anti-Semitic” that even the most politically and socially a"
/opinion/2017/09/26/columbias-brand-of-intersectionality-might-be-missing-the-point/,2017-09-26,2017,opinion,,ihra_ext,apartheid_genocide_framing,Israeli Apartheid,unattributed," Columbia’s current reading of intersectionality. I admire the idealism and bold message of solidarity that we should collectively pour our hearts and souls into working for collective liberation. But we are all human, and even in organizational machines and the strong grassroots movements we seek to build, we will not solve problems without specificity. When Student-Worker Solidarity co-sponsors Israeli Apartheid Week, it is not immediately helping labor rights, which begs the question: who is? Outside of the Columbia bubble, the whole point of having different advocacy groups is to work for individual movements. This is not to say that different causes are in competition, but that they do in fact have fundamental differences in their goals and needs. I want to see students start thinking more about how w"
/opinion/2017/04/18/the-politics-of-an-apolitical-ccsc/,2017-04-18,2017,opinion,,ihra_ext,apartheid_genocide_framing,Israeli Apartheid,reported,"ather than preemptively silencing it. For instance, CCSC frequently funds the activities of groups such as Columbia Right to Life, whose views might conflict with those of the campus majority. We even fund Students for Justice in Palestine and Jewish Voices for Peace, the two student groups that founded CUAD; through the Student Governing Board, we enable them to pursue “divisive” events, such as Israeli Apartheid Week. Yet, for some ill-defined reason, we drew the line at a referendum. In using these arguments to avoid making a “political statement,” CCSC made a profoundly troubling one. The way CCSC sought to create a so-called cohesive community was not by enabling engagement with issues that might already be creating divides, or even by gauging student opinions, but rather by taking the first chance we"
/opinion/2017/03/07/no-opinions/,2017-03-07,2017,opinion,,ihra_ext,apartheid_genocide_framing,Israeli Apartheid,condemned,"No opinions. This week at Columbia, I officially have no opinions. I don’t care which pizzas they serve at Diana. I don’t care which memes on columbia buy sell memes are politically correct or offensive. I don’t care about Israeli Apartheid Week, and I don’t care that DSpar left. Because I have no opinions this week, it was pretty hard to garner the energy I needed to write this column. I really didn’t want to. I almost didn’t. I had nothing to say until I realized I cared about the proper way to cook frozen broccoli—whether it’s better to steam or bake the kind you get frozen in giant bags at Costco. So maybe I have an opinion abou"
/opinion/2017/03/07/no-opinions/,2017-03-07,2017,opinion,,ihra_ext,apartheid_genocide_framing,Israeli Apartheid,condemned,". Instead, we listen to ourselves shout. Political groups on campus are organized, prepared, and stick to their party lines. Events are named with words that are meant to be incendiary, determined to spark a counterprotest. Moving beyond the posters and fighting slogans each group shouts, the volume of the conversation gets so high that no one can hear themselves think over the din. This week was Israeli Apartheid Week , an annual event that I’ve gotten used to. This year, like every year, I wondered whether or not to add my voice to the conversation. Does it matter? Do I need to? Did we need another op-ed about everyone’s (least) favorite geopolitical conflict? What if I don’t believe that all Zionists are racists? Anyway, where’s the conversation we should be having with all of our collected brainpower—h"
/opinion/2017/03/06/unlearning-apartheid-apologism-a-jewish-response-to-israeli-apartheid-week/,2017-03-06,2017,opinion,,ihra_ext,apartheid_genocide_framing,Israeli Apartheid,condemned,"Unlearning apartheid apologism: A Jewish response to Israeli Apartheid Week. Nearly two years ago, the three of us arrived on this campus as Jewish teens inoculated with an intense fear of the Israeli/Palestinian debate. We had been told for years in day school and summer camp that we would be provoked by anti-Semitic and anti-Israel rhetoric—presented to us as synonymous—and warned that we would be made to feel ashamed of our Jewish identities. What we actually fou"
/opinion/2017/03/06/unlearning-apartheid-apologism-a-jewish-response-to-israeli-apartheid-week/,2017-03-06,2017,opinion,,ihra_ext,apartheid_genocide_framing,Israeli Apartheid,condemned,"ed us for the conversations about Israel/Palestine happening on college campuses. We had been lied to and deceived by our teachers, parents, camp counselors, role models, and community leaders. We came to realize just how much the Jewish community has yet to reckon with the violence and dispossession that American Jews are complicit in perpetuating. When we first came to this campus, we felt that Israeli Apartheid Week was an affront to our very existence as Jewish students, because we had been taught to conflate criticism towards Israeli apartheid—the practices of systemic discrimination and state violence against Palestinians—with criticisms of Jewish identity. What we hadn’t learned from our combined 26 years of Jewish day school, countless hours spent in Hebrew school and synagogue, and years of Jewish"
/opinion/2017/03/06/unlearning-apartheid-apologism-a-jewish-response-to-israeli-apartheid-week/,2017-03-06,2017,opinion,,ihra_ext,apartheid_genocide_framing,Israeli apartheid,condemned,"ts, camp counselors, role models, and community leaders. We came to realize just how much the Jewish community has yet to reckon with the violence and dispossession that American Jews are complicit in perpetuating. When we first came to this campus, we felt that Israeli Apartheid Week was an affront to our very existence as Jewish students, because we had been taught to conflate criticism towards Israeli apartheid—the practices of systemic discrimination and state violence against Palestinians—with criticisms of Jewish identity. What we hadn’t learned from our combined 26 years of Jewish day school, countless hours spent in Hebrew school and synagogue, and years of Jewish summer camp, was that Judaism could flourish without the need for ethnonationalism—the supremacy of Jewish ethnic identity in the State "
/opinion/2017/03/06/unlearning-apartheid-apologism-a-jewish-response-to-israeli-apartheid-week/,2017-03-06,2017,opinion,,ihra_ext,apartheid_genocide_framing,Israeli apartheid,condemned," Israel with anti-Semitism and to recognize that one can criticize Israel as a geopolitical player without criticizing the Jewish people at large. This conflation only served to drive us further into our chauvinistic shells of violent nationalism and obscured the very real and increasing threat of genuine anti-Semitism on the rise. We deserved an upbringing that didn’t hide from its complicity in Israeli apartheid, that didn’t rely on ethnonationalism as the answer to Jewish communal suffering, and that didn’t tie our very existence as Jews to a political ideology rooted in ideas of national exclusivity. But we can’t change our childhoods and our years of socialization in Jewish communities, so we must look to our campus as a place to learn, unlearn, and grow. Because of this, when we came to campus, we cr"
/opinion/2017/03/06/unlearning-apartheid-apologism-a-jewish-response-to-israeli-apartheid-week/,2017-03-06,2017,opinion,,ihra_ext,apartheid_genocide_framing,Israeli Apartheid,unattributed,"ooted in ideas of national exclusivity. But we can’t change our childhoods and our years of socialization in Jewish communities, so we must look to our campus as a place to learn, unlearn, and grow. Because of this, when we came to campus, we cringed at the word “apartheid” when it was used to describe Israel; we shied away from political debates surrounding Israel and Palestine. This year during Israeli Apartheid Week, we saw our fellow Jewish students do the same. We heard countless excuses for why students don’t engage, for why they don’t support Boycott, Divestment, and Sanctions, and for why they disagree with the rhetoric of Students for Justice in Palestine and Jewish Voice for Peace, causing them to turn their backs on campus discourse surrounding Palestinian liberation. We, as Jewish students of C"
/opinion/2017/03/06/unlearning-apartheid-apologism-a-jewish-response-to-israeli-apartheid-week/,2017-03-06,2017,opinion,,ihra_ext,apartheid_genocide_framing,Israeli Apartheid,unattributed," Jewish Theological Seminary, must be better than this. Our history is one that is rooted in dispossession, fear, loss, and diaspora. We are Jews with lasting generational trauma. We must confront this and reckon with it; we must work with those facing similar traumas of dispossession, similar fears, similar losses, and similar diaspora today. It makes sense why Jewish students on this campus see Israeli Apartheid Week as an affront to their Jewish identities. However, it is not because JVP, SJP, or even the BDS movement wish to delegitimize Jewish existence or peoplehood. Rather, it is due to the fact that for years the Jewish community has chosen to cover its eyes and plug its ears, screaming “I can’t hear you” at any mention of human rights violations, apartheid, state violence, expulsion, or ethnic cle"
/opinion/2017/03/06/unlearning-apartheid-apologism-a-jewish-response-to-israeli-apartheid-week/,2017-03-06,2017,opinion,,ihra_ext,apartheid_genocide_framing,Israeli Apartheid,condemned,"ons, apartheid, state violence, expulsion, or ethnic cleansing, and has chosen to label the people who do make those claims as anti-Semites and self-hating Jews. Not only is this wrong, it dangerously conflates the violent policies of the Zionist state with a meaningful Jewish existence in the diaspora. We have a responsibility to engage in the difficult conversations that were highlighted during Israeli Apartheid Week, to reject the status quo in Israel/Palestine and in Jewish communities here. Perhaps when we wake up, we will realize that events like Israeli Apartheid Week can be tools for self-reflection, growth, education, and change. Israeli Apartheid Week isn’t an insult to our identities as Jewish people. It’s a week dedicated to demanding that our Judaism be a Judaism of morals, that our Judaism no"
/opinion/2017/03/06/unlearning-apartheid-apologism-a-jewish-response-to-israeli-apartheid-week/,2017-03-06,2017,opinion,,ihra_ext,apartheid_genocide_framing,Israeli Apartheid,unattributed,"s. Not only is this wrong, it dangerously conflates the violent policies of the Zionist state with a meaningful Jewish existence in the diaspora. We have a responsibility to engage in the difficult conversations that were highlighted during Israeli Apartheid Week, to reject the status quo in Israel/Palestine and in Jewish communities here. Perhaps when we wake up, we will realize that events like Israeli Apartheid Week can be tools for self-reflection, growth, education, and change. Israeli Apartheid Week isn’t an insult to our identities as Jewish people. It’s a week dedicated to demanding that our Judaism be a Judaism of morals, that our Judaism not be tied to ethnic nationalism, and that our Judaism be a religion and culture of liberation and redemption for all. The authors are all members of Columbia/B"
/opinion/2017/03/06/unlearning-apartheid-apologism-a-jewish-response-to-israeli-apartheid-week/,2017-03-06,2017,opinion,,ihra_ext,apartheid_genocide_framing,Israeli Apartheid,unattributed,"state with a meaningful Jewish existence in the diaspora. We have a responsibility to engage in the difficult conversations that were highlighted during Israeli Apartheid Week, to reject the status quo in Israel/Palestine and in Jewish communities here. Perhaps when we wake up, we will realize that events like Israeli Apartheid Week can be tools for self-reflection, growth, education, and change. Israeli Apartheid Week isn’t an insult to our identities as Jewish people. It’s a week dedicated to demanding that our Judaism be a Judaism of morals, that our Judaism not be tied to ethnic nationalism, and that our Judaism be a religion and culture of liberation and redemption for all. The authors are all members of Columbia/Barnard Jewish Voice for Peace . If you’re interested in engaging further with this subje"
/opinion/2017/02/27/old-hatred-new-phrasing/,2017-02-27,2017,opinion,,ihra_ext,deny_self_determination,From the river to the sea,reported,"t brought about Israel’s establishment in 1948. Palestinian leaders from Haj Amin al-Husseini in the 1920s and ’30s, to Yasser Arafat, and to Mahmoud Abbas today have sacrificed the well-being of their people by demanding exclusive control of Palestine. They have consistently rejected the idea of a land for peace, in 1937, 1947, 2000, and 2008. CUAD promotes that same extremism with chants like, “From the river to the sea, Palestine will be free.” From the Jordan River to the Mediterranean Sea (the area containing Israel, the West Bank, and Gaza), Palestine will be free of what? Jewish statehood. Such chants don’t object to Israel’s size or current borders; they challenge Israel’s right to exist. And they contrast with the willingness of Zionists—leaders and the masses—to make peace on the basis of dividing and sh"
/opinion/2017/02/27/old-hatred-new-phrasing/,2017-02-27,2017,opinion,,ihra_ext,apartheid_genocide_framing,Israeli Apartheid,unattributed,"tate of their own, it would help Israel preserve its own democratic and Jewish character. CUAD advocates Palestinian self-determination and, by consequence, denies the Jewish need for a state. By contrast, Aryeh recognizes the national aspirations of both sides—we raise awareness and funds for Arab and Jewish coexistence programs as part of our Invest in Peace campaign. Every spring, CUAD stages “Israeli Apartheid Week.” CUAD members stand on College Walk and call Israel an “apartheid regime.” But it’s not. Israel is a fully fledged democracy. Its Arab citizens, who make up approximately 20 percent of the population , enjoy full voting rights, membership in the parliament and on the Supreme Court , and an education that allows them to graduate as valedictorians at the country’s top academic institutions. I"
/opinion/2017/02/27/no-neutrality-in-apartheid/,2017-02-27,2017,opinion,,ihra_ext,apartheid_genocide_framing,Israeli apartheid,unattributed,"de or the other. Either afraid of negotiating or believing themselves unable to negotiate these polarizing stances, students retreat to a position of presumed “neutrality,” a non-stance amounting to little more than tacit support for the status quo: occupation, dispossession, and apartheid. “Neutral” silence has become a powerful tool wielded by Zionists in their effort to bolster the hegemony of Israeli apartheid and dissuade dissenting voices. From hard-right Zionist groups such as AIPAC to student Hillel chapters, the discourse about Israel/Palestine at Columbia is in need of dramatic recalibration. We put on events for Israeli Apartheid Week to create a space for learning and growing, not hostility. Activism is a process , one that is shared between all groups organizing against oppression and one that"
/opinion/2017/02/27/no-neutrality-in-apartheid/,2017-02-27,2017,opinion,,ihra_ext,apartheid_genocide_framing,Israeli Apartheid,unattributed,"or the status quo: occupation, dispossession, and apartheid. “Neutral” silence has become a powerful tool wielded by Zionists in their effort to bolster the hegemony of Israeli apartheid and dissuade dissenting voices. From hard-right Zionist groups such as AIPAC to student Hillel chapters, the discourse about Israel/Palestine at Columbia is in need of dramatic recalibration. We put on events for Israeli Apartheid Week to create a space for learning and growing, not hostility. Activism is a process , one that is shared between all groups organizing against oppression and one that asks for the participation—at whatever capacity—of those who might not call themselves “activists.” Without engaged people seeking new information, dialogue on campus becomes a repetitive cycle of attack between the “two sides.” A"
/opinion/2017/02/27/no-neutrality-in-apartheid/,2017-02-27,2017,opinion,,ihra_ext,apartheid_genocide_framing,Israeli Apartheid,unattributed,"for learning and growing, not hostility. Activism is a process , one that is shared between all groups organizing against oppression and one that asks for the participation—at whatever capacity—of those who might not call themselves “activists.” Without engaged people seeking new information, dialogue on campus becomes a repetitive cycle of attack between the “two sides.” As part of our work this Israeli Apartheid Week, CUAD will present a resolution to CCSC calling for divestment from companies that participate in Israel’s occupation of Palestine and the government’s continued human rights abuses. If 10 percent of the CC student body signs our petition supporting the resolution, CCSC will be obligated to put the resolution to a vote for the entire Columbia College student body. The resolution seeks to end"
/opinion/2017/02/27/no-neutrality-in-apartheid/,2017-02-27,2017,opinion,,ihra_ext,apartheid_genocide_framing,Israeli Apartheid,unattributed,"rnment’s continued human rights abuses. If 10 percent of the CC student body signs our petition supporting the resolution, CCSC will be obligated to put the resolution to a vote for the entire Columbia College student body. The resolution seeks to end our University’s support for corporations that engage in and profit from human rights violations in Israel/Palestine. Education and dialogue during Israeli Apartheid week are essential to the resolution vote. This is our way of honoring the Palestinian call to BDS (Boycott, Divestment, Sanctions) . BDS, with its three simple demands , is an effective tactic for pressuring the Israeli government into abiding by international law. It is a tangible way to empower everyone, from consumer to politician, to end apartheid. There is a new administration in Washington"
/opinion/2017/02/27/no-neutrality-in-apartheid/,2017-02-27,2017,opinion,,ihra_ext,apartheid_genocide_framing,Israeli Apartheid,condemned,"d apartheid. There is a new administration in Washington, and a staunch supporter of illegal settlement building has been nominated to be the new U.S. ambassador to Israel . Now more than ever it is incumbent upon us to fight for institutional support in the struggle to end the well-documented violations of human rights in Palestine. To do so means both to learn and to act simultaneously. We hope Israeli Apartheid Week will serve this purpose. This week , featuring events every night, and our mock apartheid wall on Low Plaza every day, is an essential moment in our movement and an excellent opportunity for students to learn about Israel/Palestine. The United States has witnessed the consolidation of power by some of the country’s most overtly corporate, racist, and authoritarian forces in the past few mont"
/eye-lead/2019/02/28/hate-happens-at-columbia-how-does-the-university-respond/,2019-02-28,2019,the-eye,,narrow,nazi_symbol,swastikas,condemned,"Columbia’s Campus. In 2007 (and again in 2018), racist and anti-semitic vandalisms occurred at Teachers College. In 2013, football player Chad Washington committed an anti-Asian hate crime. Hate crimes and bias incidents punctuate Columbia’s modern history. The events of the last semester—which include not only the anti-black slur found on an air vent outside S’s door but also another instance of swastikas painted outside Professor Elizabeth Midlarsky’s door and the viral white supremacist rant outside Butler—are not isolated incidents. They are hate crimes and bias incidents on a campus long used to responding to them. But how effective, then, are the systems and structures that the University has built over the years to confront and prevent discriminatory acts? Commenting on the university at lar"
/eye-lead/2019/02/28/hate-happens-at-columbia-how-does-the-university-respond/,2019-02-28,2019,the-eye,,narrow,nazi_symbol,swastikas,condemned,"that Suzanne Goldberg’s email, which was forwarded to Columbia College and SEAS undergraduates by Dean Cristen Kromm in the wake of the Tree of Life tragedy, did not explicitly condemn anti-Semitism . Despite this, Felix was left unhappy with the notification. “[It] felt like a copy and paste email,” she says. “It felt like the email, the same email they sent like two weeks ago when a teacher had swastikas painted all over their office.” The incident Felix is referring to took place at Teachers College and is outside the purview of the USL protocol, but the three deans also wrote an email to denounce the incident and anti-Semitism (this time explicitly) to the undergraduate community. But what effect do repeated emails have on their efficacy and meaning, even if they are necessary public notificati"
/the-eye/2018/10/16/what-happens-when-the-israel-palestine-conflict-enters-the-classroom/,2018-10-16,2018,the-eye,,ihra_ext,apartheid_genocide_framing,Israeli Apartheid,unattributed,"ed, academic space. For others, emotion is tightly weaved into the conflict, making it difficult to discuss in the Square. As a result, some students decide to enter the space, shaping it, and still others avoid it. As most students who have lived through a spring semester at Columbia can attest to, the pro-Israel and pro-Palestine factions on campus are active and vocal. During the week known as Israeli Apartheid Week, both camps set up on opposing sides of college walk, each with an iconic library framing their tables, displays, and flags. This literal face-off is a visual confirmation of the ideologically opposed positions of both sides of the conflict. However,a key element of Israeli Apartheid Week is that it’s outside, in a space one can leave at any moment. Alla Issa, a Columbia College sophomore an"
/the-eye/2018/10/16/what-happens-when-the-israel-palestine-conflict-enters-the-classroom/,2018-10-16,2018,the-eye,,ihra_ext,apartheid_genocide_framing,Israeli Apartheid,unattributed,"attest to, the pro-Israel and pro-Palestine factions on campus are active and vocal. During the week known as Israeli Apartheid Week, both camps set up on opposing sides of college walk, each with an iconic library framing their tables, displays, and flags. This literal face-off is a visual confirmation of the ideologically opposed positions of both sides of the conflict. However,a key element of Israeli Apartheid Week is that it’s outside, in a space one can leave at any moment. Alla Issa, a Columbia College sophomore and member of Columbia Students for Justice in Palestine, is Palestinian. She lived through the Second Intifada and her father’s family still lives in Palestine. One of the first things I notice about Issa is her heavily-stickered laptop. Plastered across her pink plastic case, alongside Col"
/the-eye/2018/10/16/what-happens-when-the-israel-palestine-conflict-enters-the-classroom/,2018-10-16,2018,the-eye,,ihra_ext,apartheid_genocide_framing,Israeli Apartheid,unattributed," still lives in Palestine. One of the first things I notice about Issa is her heavily-stickered laptop. Plastered across her pink plastic case, alongside Columbia Lions and Harry Potter Deathly Hallows stickers, are stickers referencing pro-Palestine activism. In one of them, a black bird soars over the words, “Freedom isn’t free.” Issa works wall duty for Students for Justice in Palestine during Israeli Apartheid Week. Before the week begins, the group undergoes training on de-escalation because the issues highlighted by the week are emotionally-charged. “There's something about Apartheid Week in general that makes people think that they can say whatever they want to say,” she tells me. “We're outside. They can walk away if they want to.” Last year, Issa was on wall duty when a man approached her. He argu"
/the-eye/2018/04/24/julia-crain-thinks-columbias-intersectionality-is-misapplied/,2018-04-24,2018,the-eye,,ihra_ext,apartheid_genocide_framing,Israeli Apartheid,unattributed,"oesn’t come just from changing laws,” Crain reflects. To this day, she stands by the group’s “radical” tactics. “If they don’t agree with the tactics,” Crain tells me, “I think that’s more of an issue of them maybe not realizing it’s necessary to do that.” That spring was also when Crain began to feel alienated from the group. Students for Justice in Palestine invited NRT to co-sponsor its annual Israeli Apartheid Week in February, which aims to raise awareness of injustices committed by the Israeli state against Palestinians. NRT declined at the time, but discussion over whether to support SJP raged throughout the summer. Crain “quickly realized” she was the only member of NRT against the decision to ally with SJP. That July, she formally broke ties with the group because of its support for SJP. The follo"
/eye/2016/10/04/stand-or-sit-solidarity-0/,2016-10-05,2016,the-eye,,ihra_ext,apartheid_genocide_framing,Israeli Apartheid,reported,"basis. They're definitely allies to us and stand in solidarity together. We were out there for sure in support during the sit-in."" Naturally, both CUAD and JVP wrote statements of support for the CDCJ protest. CUAD has also worked with fellow BCSN member organization No Red Tape, collaborating last semester on an event called ""Analyzing Violence, Demanding Accountability: Feminist Perspectives on Israeli Apartheid and the Campus Sexual Assault Crisis."" This talk, which sought to answer the question ""What do Israeli apartheid and the campus sexual assault crisis have in common?"" marks one instance of formal collaboration between No Red Tape and pro-Palestine activists, a relationship that has existed publicly since the fall of 2015 . For JVP's part, this collaboration has provided members with an opportunit"
/eye/2016/10/04/stand-or-sit-solidarity-0/,2016-10-05,2016,the-eye,,ihra_ext,apartheid_genocide_framing,Israeli apartheid,reported,"ring the sit-in."" Naturally, both CUAD and JVP wrote statements of support for the CDCJ protest. CUAD has also worked with fellow BCSN member organization No Red Tape, collaborating last semester on an event called ""Analyzing Violence, Demanding Accountability: Feminist Perspectives on Israeli Apartheid and the Campus Sexual Assault Crisis."" This talk, which sought to answer the question ""What do Israeli apartheid and the campus sexual assault crisis have in common?"" marks one instance of formal collaboration between No Red Tape and pro-Palestine activists, a relationship that has existed publicly since the fall of 2015 . For JVP's part, this collaboration has provided members with an opportunity to examine their activism from a new angle, taking issues of sexual assault into consideration. ""I actually did"
/spectrum/2017/03/03/a-week-in-review-dspars-tenure-is-coming-to-a-close-and-the-race-to-the-ivy-league-tournament-is-tightening/,2017-03-03,2017,spectrum,,ihra_ext,apartheid_genocide_framing,Israeli Apartheid,unattributed,"nd faults. Lakritz concludes that Spar was not a perfect president but is admirable and will be remembered fondly. Former editorial page editor and Barnard senior Paulina Mangubat considers how Spar has changed in her four years at Barnard , how her tenure is not the end of Barnard, and more importantly, “institutions aren’t people.” After a vote, CCSC declined to co-sponsor CU Apartheid Divest’s Israeli Apartheid Week. The student council meeting heard several arguments for and against sponsoring this controversial series of events, one being that it is CCSC’s job to represent all students. Others thought that it was the duty of the council to seriously consider all requests for co-sponsorship, whether political or not. The events of the annual Israeli Apartheid Week are underway, hosted by CUAD and co-ho"
/spectrum/2017/03/03/a-week-in-review-dspars-tenure-is-coming-to-a-close-and-the-race-to-the-ivy-league-tournament-is-tightening/,2017-03-03,2017,spectrum,,ihra_ext,apartheid_genocide_framing,Israeli Apartheid,reported,"eclined to co-sponsor CU Apartheid Divest’s Israeli Apartheid Week. The student council meeting heard several arguments for and against sponsoring this controversial series of events, one being that it is CCSC’s job to represent all students. Others thought that it was the duty of the council to seriously consider all requests for co-sponsorship, whether political or not. The events of the annual Israeli Apartheid Week are underway, hosted by CUAD and co-hosted by several other groups on campus (including the Barnard Columbia Socialists, the Arab Students Association, No Red Tape, Columbia Queer Alliance, and several others). Alongside an extensive description of programs for this week, CUAD released a statement on its cause. The statement mainly deals with the fear of clubs regarding the Israeli/Palestini"
/spectrum/2017/03/03/a-week-in-review-dspars-tenure-is-coming-to-a-close-and-the-race-to-the-ivy-league-tournament-is-tightening/,2017-03-03,2017,spectrum,,ihra_ext,apartheid_genocide_framing,Israeli Apartheid,condemned,"nd several others). Alongside an extensive description of programs for this week, CUAD released a statement on its cause. The statement mainly deals with the fear of clubs regarding the Israeli/Palestinian conflict and how that should not be an obstacle for student activism. CUAD is also using IAW as a call to action against a new presidential administration that challenges its goals. In light of Israeli Apartheid Week, there was plenty of contentious discussion among pro-Israel groups and individuals on campus. CUAD’s first event of the week, “Zionists are Racists,” was interrupted several times by protesters. This op-ed condemns the claim that “Zionists are racists” on the basis that the statement is itself a discriminatory understanding of a very complex conflict. Our basketball team’s standings in the "
/photo-essays/2025/04/25/in-focus-pro-palestinian-student-and-alumni-protesters-tether-themselves-to-116th-street-and-amsterdam-gates/,2025-04-25,2025,multimedia,,ihra_ext,deny_self_determination,From the river to the sea,reported," the gates by St. Paul’s Chapel and later Earl Hall to protest ICE’s detainment of Khalil. The Monday protest ended at around 6:20 p.m. after New York Police Department officers surrounded the barricaded area for hours. Spectator’s photographers captured the day’s events on the ground. Students used a microphone and loudspeaker to chant, “We want justice, you say how? Answer our demands now” and “From the river to the sea, Palestine will be free.” NYPD Deputy Inspector Jose Taveras told two protesters that they could not use a bullhorn as doing so would require a permit. One protester, who said they would be relaying information from the NYPD to the protesters, said she would tell the protesters about Taveras’ warning but that she could only do “so much.” At around 12:45 p.m., a University delegate approached the "
/videos/2025/04/06/peoples-forum-holds-event-in-support-of-mahmoud-khalil-amid-trump-administration-crackdown/,2025-04-06,2025,multimedia,,ihra_ext,apartheid_genocide_framing,Israeli genocide,condemned,"nian activism on American college campuses co-produced by Macklemore. Speakers then addressed a volume of ongoing events surrounding Khalil, the pro-Palestinian movement, and the Trump administration’s effects on higher education. Taher Dahleh: “This movement, which has brought millions of ordinary people into protests and near-daily organizing, has been the most powerful bulwark against the U.S. Israeli genocide on Gaza, consistently demonstrating the immense, immense gap between the drive of these governments towards constant war and destruction, and towards the desire and will of the masses of the world.” V.O.: Among the speakers was Grant Miner, the president of Student Workers of Columbia-United Auto Workers, who was recently expelled from the University. Amid a wave of antisemitism accusations being"
/main/2024/05/12/in-focus-when-hamilton-hall-became-hinds-hall/,2024-05-12,2024,multimedia,,ihra_ext,deny_self_determination,From the river to the sea,reported," Hamilton is barricaded. Protesters chant and clap as a Palestinian flag waves. As protesters pull the blinds over windows on the upper floors of Hamilton, more protesters begin covering other windows and entrance doors with newspapers. A protester inside Hamilton holds up peace signs as they hang a Palestinian flag from a south-facing window. People below chanted, “Free free free Palestine” and “From the river to the sea, Palestine will be free.” At 1:40 a.m., protesters unfurl and zip=tie a banner to the balcony of Hamilton. The crowd below cheered, and one occupying protester spoke, saying, “This building is liberated in honor of Hind, a six-year-old Palestinian child, murdered in Gaza by the Israeli Occupation Forces, funded by Columbia University.” Around 1:40 a.m., protesters unfurl another banner on the wes"
/main/2024/04/26/in-focus-a-week-into-the-encampment/,2024-04-26,2024,multimedia,,ihra_ext,apartheid_genocide_framing,genocide in Gaza,reported,"University to divest from genocide, apartheid and occupation in Palestine,” the speaker said. Columbia and New York University’s chapters of Students for Justice in Palestine and the organization Within Our Lifetime held a press conference at 8 p.m., following an NYPD sweep of a pro-Palestinian encampment at NYU on Monday night. “We are standing here in front of Columbia University on 200 days of genocide in Gaza, in support of our families in Gaza and all of Palestine first and foremost, and also in support of the Gaza encampment at Columbia, at NYU, at the New School, at Yale, at Cal Poly, and wherever it may be,” Nerdeen Kiswani, an organizer with Within Our Lifetime, said. A Columbia SJP student who had been in the encampment also spoke at the conference. “It only takes one act of courage to show a be"
/multimedia/2023/10/16/in-focus-columbia-affiliates-protest-following-escalating-violence-in-israel-and-gaza/,2023-10-16,2023,multimedia,,ihra_ext,apartheid_genocide_framing,Israeli apartheid,unattributed,"vering the event. A lone fist raised above protesters on the east side of South Lawn. Protesters with SSI on the west side of South Lawn held up Israeli flags. Signs held by protesters with SJP and JVP emphasized the demands of the organizers for the University, which were laid out in an open letter released by SJP and cosigned by JVP. The demands included divesting from “companies profiting from Israeli apartheid,” ending the dual-degree program in Tel Aviv, and canceling the opening of the Tel Aviv Global Center. Protesters with SSI stood with their arms around each other, Israeli flags on their backs. Protesters with SJP and JVP staged a “die-in” on behalf of those who have been killed in Gaza. New York Police Department officers stationed around campus looked on as protesters with SJP and JVP began to "
